chnm,P1,P2,P3,P4,P5,P6,P7,P8,P9,P10,P11,P12,P13,P14,P15,P16,P17,P18,P19,P20,P21,P22,P23,P24,P25,P26,P27,P28,classificn
abacavir,-1.453781309,-0.645956628,-0.042387236,-0.613409406,-0.383871891,0.00356267,-0.036098964,-0.166558771,-0.251329764,-0.143599518,0.099272395,-0.153230311,-0.303782377,-0.458130768,0.000816477,0.137929736,-0.209001145,0.143991322,-0.655201257,0.332493287,-0.384954836,-0.103454828,0.874200435,-0.643686104,0.654882098,0.699779099,0.421477434,-0.002904912,1
acetaminophen,-0.28088354,0.297013522,1.704331645,0.586056554,0.406694015,0.340700702,1.252860167,-0.431264883,2.469549325,-0.076037277,-2.109298349,1.840413168,1.120050994,-0.694816855,1.139072979,-0.999106193,1.021946402,1.182712845,-0.954096619,-0.813639252,0.222896053,-0.263583641,-1.537386615,-1.949884134,0.636464378,-1.337834751,-0.075962887,-1.22505026,1
acitretin,-1.11690488,-0.588254709,-0.067544616,-0.455003912,-0.432180067,0.553049677,0.050968598,-0.027997982,-0.295201586,-0.195748776,0.574458949,-0.15957819,-0.189962842,-0.378359995,-0.107539777,-0.25540016,-0.605034595,-0.533013029,0.516628535,-0.236978628,0.399887828,0.569810698,0.595930385,0.550769831,-0.300266467,0.560164176,-0.338131434,-0.234198226,1
albendazole,-0.582516754,1.004083944,-1.160341454,-0.46849532,-0.50371435,0.647675673,-0.436439287,0.350573498,-0.0636713,0.058292731,1.487039624,-0.912833462,-1.236708906,-0.285568508,0.414892656,-0.591188095,0.680148212,0.443713804,0.523348437,-1.409747679,0.513968427,0.543192712,0.153357483,2.287368406,0.156084368,1.410520158,-0.504879775,-0.437612911,1
alclofenac,-1.401812,-0.811473368,0.041536633,-0.372151212,-0.318848064,0.315268491,0.085781299,-0.082961634,-0.227884778,-0.130232999,-0.097632406,-0.045049034,0.027899629,-0.420064515,-0.016174968,-0.048902904,-0.28515602,-0.131352313,-0.170069277,0.207117349,-0.221816888,0.090858511,0.541375681,-0.275087297,-0.236340175,0.056371853,0.188016901,0.006071047,1
allopurinol,-1.506012644,-0.887397329,0.15185696,-0.387995003,-0.41781122,0.20329219,0.053188235,-0.205154192,-0.161103576,-0.153552749,-0.365010702,-0.350095056,-0.3060835,-0.464110154,-0.300969989,-0.000528095,-0.33155896,0.020096878,-0.483339811,0.050024047,-0.305936955,0.028831198,-0.148244082,0.183723257,0.214152394,-0.225354969,0.058276707,-0.080845371,1
ambrisentan,-1.505945929,-0.887313642,0.151857595,-0.388037456,-0.417864922,0.203359311,0.053175443,-0.205192343,-0.161005346,-0.15341451,-0.36481834,-0.350016734,-0.306298255,-0.464092713,-0.301163525,-0.000629886,-0.331783848,0.020014419,-0.483206897,0.049909755,-0.305776065,0.028990591,-0.148252731,0.18420742,0.214231953,-0.225449109,0.058180669,-0.080968677,0
amifostine,-1.505945928,-0.887313641,0.151857595,-0.388037456,-0.417864923,0.203359312,0.053175443,-0.205192343,-0.161005345,-0.153414508,-0.364818337,-0.350016733,-0.306298258,-0.464092713,-0.301163527,-0.000629887,-0.33178385,0.020014418,-0.483206896,0.049909753,-0.305776063,0.028990593,-0.148252731,0.184207426,0.214231954,-0.22544911,0.058180668,-0.080968678,0
amikacin,-1.505199416,-0.881519329,0.139305863,-0.353034726,-0.321089571,0.203816879,-0.017523114,-0.2134341,-0.185099542,-0.15525492,-0.418087983,-0.28833542,-0.173062783,-0.321843881,-0.042923179,0.05645494,-0.219535095,0.083478658,-0.320080924,0.08000657,-0.124704429,0.00178208,0.172676315,-0.37314594,0.023153513,0.238721345,0.265184784,0.021385144,0
ampicillin,-1.207918648,0.1340842,-0.550929121,-1.247382109,-0.311314532,-0.827404043,0.052748513,-0.348323571,-0.528133352,-0.165293939,-0.225508563,-0.502384571,-1.138792578,-1.441021532,-0.04107969,0.210071619,-0.581764722,-0.289510471,-0.440282892,-0.128385152,0.180898058,0.193242116,-0.965555907,0.291938485,-0.616215859,-0.62119924,-0.745012343,-0.292029668,0
amrinone,-1.516181381,-0.936833997,0.088897697,-0.296216036,-0.24008086,0.121759625,0.145997275,-0.212256648,-0.198615353,-0.35865503,-0.328661752,-0.448796202,-0.249164751,-0.312969171,0.041078955,0.21948264,-0.313798268,0.041179302,-0.297387751,-0.119592657,-0.037118143,-0.087416421,-0.388293942,-0.183800089,0.044876952,-0.12220503,0.315688709,-0.137910326,0
anastrozole,-1.342281741,-0.794655424,0.021079627,-0.390235442,-0.371313749,0.326236155,-0.015992564,-0.200460159,-0.209801838,-0.210853047,-0.194944698,-0.420759707,-0.230728636,-0.37865743,-0.066701832,-0.001663309,-0.37020384,-0.135209646,-0.039335833,-0.185508999,0.046587018,0.300680041,0.293783831,-0.160980458,-0.141499755,0.670750802,-0.07266438,-0.076737561,0
aspirin,0.454704862,-1.360615803,0.062354318,0.017061746,0.196081477,0.053509339,0.016293344,-0.970799507,1.270342446,-0.575301004,-1.133971862,0.22006072,1.213325844,-1.630491911,-0.173197538,-1.980505046,1.858889149,0.952770164,1.172120772,1.212913081,-0.89734181,0.372251048,-1.471121217,-4.766500199,0.277016983,-1.43057564,-1.926493728,-0.552698951,0
atenolol,-1.440057943,-0.544947822,0.171833903,-0.260420145,-0.046192315,0.327636639,-0.183976897,-0.221889562,-0.213213485,-0.279479223,-0.523212624,-0.427654539,-0.340084251,-0.158096608,-0.248485645,0.510241073,0.671424235,-0.313173234,-0.867954763,-0.165565414,-0.249742412,-0.459625982,-0.146808108,-0.910830219,-0.171173027,-0.372246507,-0.070941301,0.15982706,0
auranofin,-1.059320869,-0.488741101,-0.194146336,-0.545663519,-0.264217868,0.476229459,0.089491548,-0.134323115,-0.310570973,-0.285680841,1.106442529,-0.256782793,-0.661705643,-0.447059864,-0.138536009,-0.168352988,-1.066686147,-0.788072867,0.820414978,-0.851720182,1.100201827,0.866519908,-0.141692051,1.44539004,-0.663544774,-0.02414797,-0.730045001,-0.762618349,0
azathioprine,-1.334520557,-0.724022385,0.150201507,0.022313788,-0.100130304,0.160732721,0.159023809,-0.243159222,-0.394466886,-0.286782192,-0.834321266,-0.037783894,-0.203774557,-0.201984552,0.08973633,0.010009091,-0.095149296,0.145734831,0.040065668,0.304893663,-0.28329713,-0.289751174,-0.085000335,-0.42102372,0.460037302,-0.3979026,0.278547617,0.056354662,1
azithromycin,-1.50594595,-0.887313669,0.151857594,-0.388037442,-0.417864905,0.20335929,0.053175447,-0.20519233,-0.161005378,-0.153414554,-0.364818401,-0.350016759,-0.306298186,-0.464092718,-0.301163463,-0.000629853,-0.331783776,0.020014446,-0.48320694,0.049909791,-0.305776117,0.02899054,-0.148252728,0.184207265,0.214231928,-0.225449079,0.058180699,-0.080968637,0
aztreonam,-1.336927475,-0.921681799,0.072821251,-0.596018293,-0.37227916,-0.065621159,0.148591001,-0.228179491,-0.193069024,-0.331992092,-0.463160239,-0.525039943,-0.249065561,-0.672376013,-0.004183176,0.509764879,0.217347088,-0.504655749,-0.614853706,-0.418011776,-0.801395698,-0.570708043,-0.754457605,-0.028694751,0.106448499,-0.382907903,0.112346486,0.064115491,0
benzbromarone,-0.57107987,-0.072762039,-0.371782248,-0.817883123,-0.582115919,0.210492169,-0.303342651,0.193460417,-0.163253666,0.327860496,2.919053562,0.940403451,-0.816173311,0.040522337,-0.334165431,-0.70638071,-1.084807201,-0.666842095,1.441342567,-0.53424348,1.496641464,0.912340032,-0.378609219,2.401252109,-1.915531708,-0.758842098,-1.553321009,-0.500811357,1
bicalutamide,-1.300521975,-0.66529024,-0.121941159,-0.252564161,0.030436733,0.095134057,-0.161909024,-0.423601887,-0.258155253,-0.271502223,0.099345477,-0.166244493,-0.396468205,-0.076783619,0.035486512,0.087820743,-0.054094935,-0.023190977,-0.000389542,-0.722927738,0.960840894,0.630414545,0.303612565,-0.135004751,-0.573173053,0.407342108,-0.037203466,-0.239155622,1
bisacodyl,-1.215327617,-0.805174711,0.011461375,-0.588077466,-0.301466641,-0.013400051,0.215610927,-0.310767005,-0.035870185,-0.262381971,-0.045712801,-0.46797528,-0.617739727,-0.48660813,-0.046983005,0.526453598,-0.211571541,-0.645739549,-0.165849784,-0.812479957,-0.213502393,-0.369618394,-1.009638345,0.564080937,0.095418956,-0.466106942,0.178772011,-0.237334572,0
bortezomib,-0.075237707,0.183213319,-0.680550761,-0.824123663,-0.713081613,0.502072054,-0.201130441,0.403945979,-0.028216351,0.244414613,4.031637205,0.840050154,-0.739782433,0.311855372,-0.309245982,-0.942104044,-0.775357973,-0.461971803,1.990067579,-0.900157659,1.828738178,1.22836012,0.170714805,2.874961258,-1.951795699,-0.095855939,-1.314328617,-0.319640109,1
budesonide,-1.513955969,-0.865369618,0.012009779,-0.401522259,-0.100003136,0.060243476,0.033625721,-0.282125202,-0.297827393,-0.382453817,-0.078424071,-0.464045483,-0.431599247,-0.408250673,0.117942598,0.244797222,-0.457652538,-0.089381082,-0.149205139,-0.421367742,0.414733997,0.140323486,-0.55635378,0.03981707,-0.418969171,-0.251126934,-0.031727147,-0.384307409,0
busulfan,-1.505383316,-0.881763323,0.13933853,-0.353014931,-0.321208392,0.203632663,-0.017294502,-0.213307522,-0.185301272,-0.155626694,-0.41846635,-0.288717946,-0.172842518,-0.322281247,-0.043103322,0.056575968,-0.219229698,0.083529506,-0.320890261,0.080235635,-0.125639205,0.001422164,0.171820404,-0.372938296,0.023460285,0.237705926,0.264879287,0.021440759,1
caffeine,-0.690817934,4.321747123,2.842316382,-3.065918042,8.681445087,-5.180710942,3.096765881,-4.105816591,29.76349875,-0.92462239,0.506530617,-0.700841861,2.287530528,1.547406339,-1.84483025,-2.56348154,-3.295750142,2.711932199,0.552888967,2.307186029,0.599128505,1.076606864,-0.182946938,0.135438543,-0.25474163,0.604244586,0.118247391,-0.953209916,0
capecitabine,-1.505948665,-0.887317074,0.151857569,-0.388035715,-0.41786272,0.203356558,0.053175968,-0.205190778,-0.161009375,-0.153420179,-0.364826229,-0.350019946,-0.306289448,-0.464093428,-0.301155588,-0.000625711,-0.331774625,0.020017801,-0.483212348,0.049914442,-0.305782663,0.028984054,-0.148252376,0.184187564,0.21422869,-0.225445248,0.058184607,-0.08096362,0
captopril,-1.505945933,-0.887313648,0.151857595,-0.388037453,-0.417864919,0.203359307,0.053175444,-0.20519234,-0.161005353,-0.153414519,-0.364818352,-0.350016739,-0.306298241,-0.464092714,-0.301163513,-0.000629879,-0.331783833,0.020014425,-0.483206906,0.049909762,-0.305776076,0.02899058,-0.14825273,0.184207389,0.214231948,-0.225449103,0.058180675,-0.080968669,0
carbamazepine,-0.620121672,-0.451390723,1.121429685,0.355872358,0.316220989,-1.413457787,-1.236792391,2.228770633,3.909098767,-0.142561929,-0.484298331,-0.517559319,0.500114937,0.167080345,-1.11729681,0.233093438,0.940827692,-0.981626854,0.066072958,-2.426993932,-0.825557193,-0.228043273,0.225028045,-1.633180244,1.128096023,1.021482246,-1.322671945,-0.031015313,1
carbidopa,-1.505159594,-0.881466494,0.13929879,-0.353039013,-0.321063841,0.203856769,-0.017572618,-0.213461509,-0.185055859,-0.155174416,-0.418006052,-0.288252588,-0.173110479,-0.321749174,-0.042884171,0.056428732,-0.219601226,0.083467647,-0.319905671,0.079956969,-0.124502013,0.001860016,0.172861653,-0.373190903,0.023087084,0.238941224,0.265250936,0.021373101,0
carboplatin,-1.529345972,-0.79041851,0.142806858,-0.384110629,-0.382607132,0.214276333,0.020065343,-0.11767542,-0.09660588,-0.290223862,-0.285257466,-0.327318725,-0.324367633,-0.225004747,-0.019220264,-0.140534235,0.01511945,0.3435993,-0.621814751,0.252421998,-0.232017063,-0.081819786,-0.047447264,0.057500578,-0.113331462,-0.29793622,-0.085903244,-0.04071043,0
carisoprodol,-1.505963197,-0.887335303,0.15185743,-0.388026468,-0.417851023,0.203341938,0.053178754,-0.205182468,-0.161030771,-0.15345029,-0.364868129,-0.350037006,-0.30624267,-0.464097227,-0.301113432,-0.000603539,-0.33172564,0.020035762,-0.483241299,0.049939337,-0.305817708,0.028949335,-0.148250492,0.184082105,0.214211361,-0.225424743,0.058205526,-0.080936762,0
cefazolin,-1.529336848,-0.79038025,0.142805069,-0.384118764,-0.382610989,0.214292831,0.020055609,-0.117664892,-0.09657145,-0.290223715,-0.285199929,-0.327297358,-0.324416841,-0.224950282,-0.019201268,-0.140585454,0.015145619,0.343650607,-0.621816111,0.252440864,-0.231967407,-0.081809647,-0.04742768,0.057575951,-0.113384227,-0.297971504,-0.085954136,-0.040727929,0
celecoxib,1.577971603,1.574569476,-0.386600179,0.233121838,1.233076183,0.358014412,-1.868529676,2.819389022,-0.892432958,0.507085772,1.562688737,-0.921013593,2.876945164,-3.503817942,0.437933341,-6.577144489,12.25838162,13.43215646,-1.008478076,-2.015604441,0.91907807,0.259383857,-3.239163442,3.804005119,0.765193696,1.103681553,1.804805121,0.377976092,0
cephalexin,-1.529351687,-0.790442471,0.142807978,-0.384105535,-0.382604716,0.214266,0.02007144,-0.117682014,-0.096627444,-0.290223954,-0.285293501,-0.327332107,-0.324336815,-0.225038858,-0.019232161,-0.140502157,0.01510306,0.343567167,-0.6218139,0.252410182,-0.232048162,-0.081826135,-0.047459528,0.057453373,-0.113298417,-0.297914122,-0.085871371,-0.04069947,0
chlorambucil,1.51479945,-0.486852928,-0.099347854,1.165921543,-0.064049867,1.310142326,-0.052297729,-1.104830612,-0.400224509,-0.168411552,-2.866987086,2.165792399,1.992932176,-2.899133082,0.061052824,-0.786493313,-0.515547168,1.162560304,1.486479248,-0.862903782,-1.701967387,1.362814018,-0.421091883,-1.429145583,5.039100703,-1.969955076,-0.510248572,0.389091656,0
chloramphenicol,-1.425941114,-0.859467048,0.029131148,-0.189571619,-0.27741071,0.104190028,-0.046419587,-0.262569946,-0.292840601,-0.315654116,-0.51668984,-0.269608442,0.023111147,-0.309739814,-0.257195299,-0.01242077,0.407687471,0.186902258,-0.762590528,-0.054301841,-0.261174457,0.229513736,0.408605181,-0.396542807,0.092801179,0.156139439,0.036240798,0.207437353,0
chlorpropamide,-1.4259037,-0.859438652,0.029099938,-0.189531681,-0.277388461,0.104181745,-0.046448298,-0.262594314,-0.292849326,-0.315660439,-0.516679752,-0.269567973,0.023140748,-0.309695923,-0.257233269,-0.012449665,0.407819317,0.186923952,-0.76262815,-0.054357541,-0.261122148,0.229605522,0.408745327,-0.396568157,0.092790368,0.156213045,0.036210771,0.207479725,0
cimetidine,-1.505945928,-0.887313641,0.151857595,-0.388037456,-0.417864923,0.203359312,0.053175443,-0.205192343,-0.161005345,-0.153414508,-0.364818337,-0.350016733,-0.306298258,-0.464092713,-0.301163527,-0.000629887,-0.33178385,0.020014418,-0.483206896,0.049909753,-0.305776063,0.028990593,-0.148252731,0.184207426,0.214231954,-0.22544911,0.058180668,-0.080968678,0
cinchophen,-1.469145401,-0.900687965,0.053641158,-0.364888866,-0.362236434,0.247805375,0.169065229,-0.03698197,-0.301463083,-0.266020845,-0.236363377,-0.185158421,0.107958533,-0.579577943,-0.081997504,-0.004521791,-0.173529969,-0.112396854,-0.465847294,0.290523351,-0.562947354,-0.040716114,0.228195892,-0.199450028,-0.123860514,-0.314048452,0.076613367,0.026405088,1
cladribine,1.089760071,-0.295336391,-0.392763114,-0.954382028,-0.072554914,-0.466011121,-0.117249916,-0.373954251,-0.346080857,0.134767527,-0.796401403,1.789447323,-6.645126004,3.091354702,-2.693546627,-1.729219265,1.484635377,-1.138468812,4.220266022,2.323960686,3.319563769,-1.149132481,2.004997457,0.73691145,7.957377864,-4.205727982,5.680771458,-3.172214353,0
clofibrate,4.840870913,-4.311713867,2.251732963,8.2143496,0.109919975,-12.80656085,-13.74946528,27.01331211,3.169782493,-0.166471909,-3.441631566,-1.831855056,-0.722406754,-0.762007358,-1.743306662,1.100385575,-1.670101686,-0.706073179,0.138371176,0.170349191,0.104945634,0.427252032,0.271078626,-0.133960293,-0.175140552,0.356990941,-0.172987529,-0.096617173,0
clotrimazole,0.497435694,3.382855734,-3.048876463,-6.358956859,-0.896519105,-9.114537955,1.080693296,-1.827747205,-5.434506661,-1.498151712,-6.134627632,-3.132363889,14.10059077,14.89156211,-4.903651451,-3.104856346,0.736936394,-2.413911045,-3.356549253,-2.103115436,0.546654502,5.826991654,-0.047248762,1.659993975,1.330543626,-1.972252467,-0.872935467,-0.943299636,0
codeine,-1.473216119,-0.75667434,0.080477515,-0.33452056,-0.258242467,0.199450705,0.100157577,-0.162680168,-0.036487881,-0.357961562,-0.057727418,-0.348180428,-0.480875903,-0.056499128,0.130528604,-0.021702881,-0.190567949,0.28277737,-0.303791918,-0.030751792,0.19670415,-0.039676645,-0.296078332,0.171123295,-0.203583831,-0.288353139,0.076045852,-0.220310766,0
colchicine,5.471385832,3.386262707,-2.762065005,2.281218124,-0.117524084,4.005122898,-1.972241967,-0.923109288,0.660645471,1.911831356,-6.60609744,10.32346027,-12.83261704,9.2595791,-12.71486679,-1.272264585,4.315205644,1.292912126,1.040389449,-0.169763581,-2.997069337,-0.15098226,-1.029452627,-3.235983115,-2.760182563,0.777456386,-2.420885125,1.14818032,0
cyproheptadine,-1.090052861,-0.59644895,-0.056547691,-0.739733301,-0.224147014,0.040368353,0.067231958,-0.338763076,-0.17721576,-0.295651459,0.656659704,-0.464202534,-0.961907995,-0.482891787,-0.037504197,0.403862508,-0.525603867,-0.961547933,0.390754204,-1.295095629,0.691101862,0.037889034,-1.245959085,1.405233977,-0.268092886,-0.525363236,-0.356638199,-0.627109655,0
danazol,-0.628927087,0.969327792,-0.448672438,-0.769245475,-0.557624439,-1.411865636,0.343596734,-0.795034458,-1.015134251,-0.48879034,-1.336633252,-0.14835246,0.452089851,0.644152937,-0.920242512,-1.274000409,-0.409803883,-2.356399831,0.315865218,-0.311747598,0.43450503,2.241409909,-2.628435227,-1.882107459,-4.957343583,6.075884591,12.82484281,-0.708940173,1
dapsone,1.576461167,-0.470507246,0.617406189,-2.466566631,0.435212012,-2.203916572,1.032152644,-0.990025948,-2.307023208,-0.547254184,-2.102563841,-1.288909703,3.373778913,1.073174557,-1.10835327,0.62016905,-0.87993475,4.341297052,-0.504917959,0.987674483,-1.742612661,-8.638474335,0.792043409,1.776125509,-4.348405261,3.387557626,-3.564054122,-4.262484205,0
dasatinib,-1.179670169,-0.734254386,-0.159288277,-0.107978248,-0.406346861,0.176440016,0.00662885,-0.004747529,-0.159603365,-0.13048083,0.323693099,-0.338934897,-0.418720197,-0.17994437,-0.243262028,0.154110034,-0.527234417,-0.304597619,0.202823877,-0.553673556,0.238766038,0.253805185,-0.339651547,0.52907,-0.435911034,0.266346289,-0.237413423,-0.334080391,0
daunorubicin,-1.070453343,-0.318072387,-0.084346331,-0.674629751,-0.270646064,0.341957539,-0.18210306,-0.209644124,-0.054663569,-0.098183815,1.559685876,0.174199736,-0.940080259,0.089272464,0.089178091,-0.540863882,-0.793237793,-0.402968458,1.260363777,-0.615946846,1.672500699,0.715607483,-0.309840773,1.550319784,-1.175266857,-0.310508362,-0.806832663,-0.69676765,0
dexamethasone,-1.513870109,-0.865239145,0.011830716,-0.401567059,-0.099660848,0.060152241,0.033618277,-0.28227065,-0.29784974,-0.382581194,-0.077804696,-0.464093642,-0.432036874,-0.408107638,0.118251456,0.245002238,-0.458119879,-0.089618333,-0.148566109,-0.422127807,0.415878993,0.140642256,-0.556912124,0.040237304,-0.419624953,-0.251257694,-0.03187738,-0.384851314,0
diflunisal,-1.383255239,-0.730965829,0.056401628,-0.524693078,-0.462314836,0.169079211,-0.018088709,-0.052697794,-0.143805138,-0.269602255,0.306678718,-0.024166236,-0.14768959,-0.258822042,0.057339178,-0.392903808,0.060627396,0.071326926,-0.03626863,0.344241585,-0.15765421,-0.022777532,-0.13025485,0.195183256,-0.692770392,-0.539192973,-0.452111245,0.013982008,1
digoxin,-0.755657128,-1.081250446,0.050643375,-0.684234634,-0.390004431,0.218789781,0.258511762,-0.198539455,-0.14817692,-0.229028753,1.026787388,0.124737759,-0.167056441,-0.485185525,-0.101539495,-0.475456793,-0.864133162,-0.486218584,0.537968682,-0.144985671,0.302373828,0.515184956,-0.164882989,0.976070065,-1.396766013,-1.464582081,-0.232700389,2.714376508,0
dipyridamole,-0.713511067,-0.487145714,-0.456113644,-0.796229097,-0.598252528,-0.127428964,0.055466282,0.406445793,-0.230896815,0.12866375,3.47519206,1.184963966,0.046788621,0.273532,-0.356072949,1.317487292,-1.406883211,-0.469422053,-0.318870495,-0.921650967,-0.833177414,-0.780202528,-3.218209357,0.171282789,0.541971733,-0.830841031,0.150113191,-0.034625252,0
disulfiram,74.27976517,-24.20669194,9.271817161,-4.441407416,0.108397254,-1.497088178,1.492602926,-2.648647437,-0.164065791,-0.337619374,1.742307995,-0.621770902,-0.087259321,-0.150148958,0.150672871,-0.221948192,-0.204213039,-0.255005738,-0.225081917,-0.290654455,-0.538472717,0.059873449,-0.091535366,-0.110767688,-0.12152835,0.002350997,0.248376792,0.022047448,1
docetaxel,-1.327652143,-0.716827867,0.09882954,-0.384159115,-0.356562595,0.304179785,0.096972455,-0.2078857,-0.143580726,-0.230725487,0.313230967,-0.351805226,-0.622937998,-0.196633372,-0.218981006,-0.030687412,-0.707052592,-0.224205185,0.241862189,-0.411413091,0.574408937,0.251143448,-0.462884928,0.912848953,0.224834469,-0.145238503,0.032338527,-0.402920717,0
dopamine,-1.529445769,-0.79083697,0.142826416,-0.384021659,-0.382564948,0.214095878,0.020171816,-0.117790572,-0.096982457,-0.290225472,-0.285886771,-0.327552427,-0.323829433,-0.225600456,-0.019428032,-0.139974029,0.014833221,0.343038136,-0.621799878,0.252215647,-0.232560168,-0.081930672,-0.047661453,0.05667619,-0.112754357,-0.297550305,-0.085346622,-0.040519036,0
efavirenz,-0.632651814,-0.116645712,-0.353548154,-0.400209601,-0.57442565,0.569079604,-0.106195747,0.19798662,0.041136369,0.17880613,2.283525522,0.542909125,-0.727105675,0.220468926,-0.244542557,-0.736967195,-0.928402683,-0.832676192,1.76386602,-0.621895876,1.401427092,0.918079345,0.274001554,2.138008507,-1.45328312,0.024279364,-1.089962351,-0.66230911,1
emtricitabine,-1.505159628,-0.88146654,0.139298796,-0.353039009,-0.321063863,0.203856734,-0.017572575,-0.213461485,-0.185055897,-0.155174486,-0.418006123,-0.28825266,-0.173110437,-0.321749256,-0.042884205,0.056428755,-0.219601169,0.083467657,-0.319905823,0.079957012,-0.124502188,0.001859949,0.172861493,-0.373190864,0.023087142,0.238941033,0.265250879,0.021373111,0
entacapone,-1.129246053,-0.581362251,-0.04044077,-0.676629735,-0.385413129,0.076584572,0.083390449,-0.167409127,-0.010410357,-0.171541697,0.966573817,-0.012501842,-0.813289469,-0.014166114,-0.10256879,-0.056435484,-0.78167872,0.216472169,-0.04420585,-0.303560491,0.598462862,0.226474429,-0.915518242,1.014817914,-0.377172714,-0.59160481,-0.312100096,-0.21196616,0
ergocalciferol,-1.505218523,-0.88154468,0.139309257,-0.35303267,-0.321101916,0.203797739,-0.017499361,-0.213420948,-0.185120502,-0.155293548,-0.418127296,-0.288375165,-0.173039897,-0.321889324,-0.042941896,0.056467515,-0.219503364,0.083483941,-0.320165015,0.080030371,-0.124801553,0.001744684,0.172587385,-0.373124365,0.023185387,0.238615842,0.265153042,0.021390922,0
erlotinib,-1.189087202,-0.273443289,-0.308641589,-0.744728687,-0.187831866,0.127567268,-0.112598447,-0.21887784,-0.153032216,-0.290273355,1.071981061,-0.221503184,-0.932420472,-0.185287239,0.293187292,-0.017235042,-0.586536774,-0.025072051,0.086236244,-0.430017844,0.901485854,0.513816615,0.670946392,0.261266797,-0.312718195,0.847400472,-0.342182935,-0.609860915,1
erythromycin,-0.597610561,-1.378441449,0.197720814,-0.926598033,-0.468473614,-0.260064095,0.146881787,-0.307493148,-0.440277828,-0.358915801,0.111914398,-0.238536395,0.165912033,0.32850284,0.421701498,-0.170680337,-0.196299689,0.077396985,-1.408080481,0.258784717,-1.629068906,0.189152974,0.851640386,-0.706135723,0.569303841,-0.116125322,0.143274333,-0.040940149,1
estramustine,-1.449160193,-0.847821475,0.077108837,-0.303553791,-0.196972722,0.18905342,0.062348424,-0.258372872,-0.125093039,-0.222762516,-0.191017169,-0.309081957,-0.329240525,-0.153651984,0.106520453,0.175028828,-0.424848453,0.02274852,-0.002588385,-0.202600346,0.30323602,0.043902838,-0.075231524,-0.259867096,-0.066931641,0.248523728,0.426872348,-0.157817905,1
estrone,-0.995882353,-0.571057698,-0.206494099,0.153950172,0.020182416,-0.134546461,0.899981406,-0.350099484,-0.524613552,-0.538487446,-0.445269678,-0.964222495,0.019010525,0.441789799,-0.205576126,1.885992851,-1.703892272,1.934999701,2.807373615,-1.210429498,1.127154433,-1.465908562,1.221727249,-0.995546202,0.123123378,1.113649868,1.247783776,1.116839142,0
ethacrynic acid,-0.272980176,0.202214935,-0.655192123,-0.662570791,-0.596180575,0.408897447,-0.697490821,0.769041322,0.057828945,0.262568949,4.330642566,0.841277496,-0.688610075,0.717358749,-0.127041498,-0.688582667,-0.361304106,-0.399218897,1.808771043,-0.732770662,2.669970824,0.938456882,-0.333927437,2.241354508,-2.414491392,-0.651979026,-1.311046129,-0.445480683,0
etodolac,-1.529374255,-0.790537103,0.1428124,-0.384085415,-0.382595177,0.214225191,0.020095518,-0.117708055,-0.096712604,-0.290224318,-0.285435814,-0.327384958,-0.324215105,-0.225173574,-0.019279147,-0.14037547,0.015038331,0.343440264,-0.621810536,0.252363517,-0.232170982,-0.081851211,-0.047507966,0.057266943,-0.113167908,-0.29782685,-0.085745495,-0.040656188,1
etoposide,-0.068108163,-0.324214253,-0.301599868,-0.987698839,-0.26092349,0.252069915,-0.290469719,-0.3082513,-0.067928296,-0.131413808,3.007720728,0.277098161,-1.094875735,0.328486451,-0.252740357,-0.843467766,-0.478072644,0.363498924,0.726317946,-1.334402774,2.433794892,1.621985727,0.164322032,2.492684236,-1.821455765,-0.728614129,-0.791530982,2.69322879,0
exemestane,-1.352790202,-0.849725104,-0.029671496,-0.33354086,-0.290492927,0.244546324,0.147523519,-0.199226766,-0.223416245,-0.414422615,-0.104911784,-0.581635229,-0.306958417,-0.370015554,0.017183955,0.161164612,-0.464861895,-0.17815689,-0.015901994,-0.385837053,0.134549024,0.212363857,-0.266797035,0.028992412,-0.120241383,0.311089791,-0.02324012,-0.23628568,1
famotidine,-1.506015653,-0.887401103,0.151856931,-0.387993088,-0.417808797,0.203289162,0.053188811,-0.205152471,-0.161108007,-0.153558984,-0.365019379,-0.350098588,-0.306073813,-0.464110941,-0.300961259,-0.000523503,-0.331548816,0.020100597,-0.483345806,0.050029203,-0.305944212,0.028824008,-0.148243692,0.18370142,0.214148805,-0.225350723,0.058281039,-0.08083981,0
felbamate,-1.475736335,-0.57515273,0.18181995,-0.291801179,-0.051891542,0.375768576,-0.213120515,-0.260703115,-0.251965172,-0.337548776,-0.641641053,-0.529487146,-0.443174213,-0.210706197,-0.344530747,0.780703556,1.056844401,-0.49853998,-1.408674869,-0.276115961,-0.428065614,-0.800868582,-0.271876197,-1.761770514,-0.357047425,-0.854167429,-0.174073508,0.39947469,1
fenofibrate,10.75174675,7.052863724,-4.053891896,6.759924105,-2.272735937,4.832136345,-1.484577495,-0.826238502,2.251232427,5.299487175,-9.088270193,19.17334434,6.755247025,-4.828810471,0.465764511,3.781486504,-3.42941247,0.39618259,-4.133305693,-2.040855272,0.831807557,0.341790492,2.033007379,5.791074475,-0.405163011,-0.102264121,1.79789918,-0.564877772,0
finasteride,-1.444184037,-0.547991629,-0.126433507,-0.886780863,-0.393662557,-0.62673621,0.198091777,-0.319277524,-0.693618451,-0.397461036,-1.066232803,-0.733863366,0.755175336,0.332322767,-0.476923513,0.569785852,-0.436839144,0.882376841,-0.142207703,-0.109779835,-0.396226345,-1.066713414,0.193190065,-0.203804679,-0.336119823,-0.074673828,-0.270257792,-0.292449554,0
fluconazole,-1.115735475,-1.072323516,0.219164575,-0.258031565,-0.558092587,0.312832888,-0.004267301,-0.366134082,-0.249321417,1.056554387,-0.56823356,0.103989257,0.092287322,-0.385023313,0.303063742,0.548612827,-0.16306898,-0.585127278,-1.495878868,0.943693059,2.292223442,-0.664910672,-0.366155893,1.182043819,1.152076684,1.451080298,-0.373100334,0.93564687,1
fludrocortisone,-1.513881097,-0.865281829,0.011881207,-0.401521576,-0.099754732,0.060186494,0.033662046,-0.282226808,-0.297809234,-0.382557069,-0.077973345,-0.464082134,-0.431915565,-0.408088161,0.118185647,0.244968367,-0.458009787,-0.089540485,-0.148698127,-0.421922874,0.415571324,0.140517691,-0.556782047,0.040102331,-0.419370475,-0.251193047,-0.031727039,-0.384693043,0
flurbiprofen,-1.359078637,-0.822088991,0.052888882,-0.493621352,-0.400779577,0.158615271,-0.055701485,-0.148489146,-0.232333035,-0.13457002,0.173872318,0.014875168,0.003687539,-0.355691307,0.03364012,-0.195870034,-0.174119728,-0.188925091,0.265666093,0.171764506,-0.05026902,0.060871882,0.089965184,-0.235618431,-0.556304975,-0.00233109,-0.100921566,0.076106125,0
flutamide,-1.167195598,-0.884521178,0.626023426,-0.329199466,0.165398156,0.106003131,0.78762418,0.094053595,-0.514305925,-0.306096388,-0.266953318,-0.523853404,-0.027498128,-0.424431782,-0.029474419,-0.278969384,0.319806448,1.186129837,-0.505351681,-0.234464123,-0.148866927,-0.76505775,-0.562766744,0.280681167,-0.3022637,0.298096007,0.176700693,-0.584045586,1
fluvastatin,-0.964654291,-0.307308673,-0.420100034,-0.582197069,-0.453535505,0.25274783,0.16639207,-0.071495433,-0.032489516,-0.514108108,-0.444440832,-1.113200507,0.050607572,-0.897440219,0.26819667,0.672445767,0.793299631,-1.682418217,0.151558794,-1.006904416,-1.225164548,-1.113634871,-1.258919637,0.119294519,0.13601661,-0.40885655,-0.021808181,0.216080301,0
folic acid,-1.374975238,-0.15581975,0.629757546,-0.164369765,0.111934343,0.388278157,-0.083020008,-0.356158432,0.851728085,-0.182493345,-0.872398383,0.168040009,0.094021233,-0.262566763,-0.157407793,0.879169809,0.9315439,-0.68951436,-1.234620614,-0.904201298,-0.452139532,-0.932065461,-0.241859419,-0.462919435,-0.055667649,-0.546944423,0.201631277,-0.044976039,0
gefitinib,-1.529458096,-0.790888661,0.142828832,-0.384010669,-0.382559737,0.214073587,0.020184968,-0.117804797,-0.097028974,-0.290225671,-0.285964507,-0.327581296,-0.323762951,-0.225674042,-0.019453696,-0.139904829,0.014797864,0.342968818,-0.621798041,0.252190157,-0.232627256,-0.081944369,-0.047687911,0.056574357,-0.11268307,-0.297502634,-0.085277865,-0.040495394,1
gemfibrozil,-0.528159206,-0.310208355,-0.567779845,-0.030046649,-0.582174365,0.495720262,-0.599450134,0.830122028,-0.211950615,0.019594406,0.990376413,1.804153155,1.847979415,0.13927063,0.424390932,-0.678677277,0.226593034,-0.810056683,0.28182636,0.127190261,-0.941357173,1.246804179,3.35609143,-0.223097408,-0.910935901,0.634456331,-0.261776324,-0.026987877,1
glimepiride,-1.469301795,-0.900793885,0.0537891,-0.364859944,-0.362239787,0.247636777,0.168908825,-0.037179454,-0.301398271,-0.266058588,-0.236848193,-0.185526457,0.107654348,-0.579429164,-0.082037922,-0.004362394,-0.173430766,-0.11207177,-0.466074039,0.290330921,-0.562800089,-0.040850794,0.227638225,-0.199598487,-0.123467927,-0.313772173,0.076730244,0.026428244,0
griseofulvin,5.152896782,3.327591166,-2.666450338,4.913715121,0.258740793,2.916160466,1.535636291,-1.473336983,-0.390870878,-1.239220619,-2.242180693,0.258856661,-0.415790619,-1.079243513,0.338645625,-1.705416356,-1.447215641,-1.20177637,6.089936177,-4.971907512,1.082156966,5.293958876,-0.991886132,-0.924266637,4.578070612,10.00976319,-3.454328776,1.441634167,1
haloperidol,-0.178893571,1.390812128,6.090974121,-0.647443004,-0.46908618,0.297355559,0.358268848,-0.857673192,0.138847222,-0.660104101,-0.755508966,-1.753585459,0.346473954,0.863599357,0.854250704,13.4770127,4.836262188,2.34079806,3.688366655,9.866434873,-4.522701013,8.77323657,-2.131680054,3.440003157,-0.422408954,0.906829457,-0.659660105,-0.33337792,0
hydrochlorothiazide,-0.64498056,0.496652432,-0.233183312,-0.064690438,-0.63218059,0.351412676,-0.513880198,0.294119303,-0.345512504,0.184201696,1.44688165,0.924707588,0.962398831,-0.09841906,-0.227380869,-1.15344182,1.138475489,-0.637383256,0.871412334,0.432889094,-0.012402573,0.345435075,1.199045332,-0.306994903,-2.175108442,1.116507678,2.125390288,0.35434449,0
hydrocortisone,-1.447509751,-0.782000463,0.012463951,-0.443789114,-0.153080495,0.126917717,0.020899674,-0.320216113,-0.200139209,-0.245078722,0.113527941,-0.386189116,-0.645644183,-0.390754094,-0.074254311,0.143754216,-0.681807736,-0.171634039,-0.016361554,-0.535805513,0.575902902,0.299179262,-0.565512589,0.521814638,-0.340475441,-0.344892186,-0.127390576,-0.507493717,0
hydroxyurea,-1.404865358,-0.395547153,-0.331497629,-0.652465802,0.046243475,0.035024914,-0.348531044,-0.330579915,-0.644218313,-0.403522546,-0.180147583,-0.848268403,-0.110227547,-0.775218089,-0.154215862,0.296290892,-0.430400034,0.312328618,-2.467264759,2.242191686,-1.532887848,-2.527479436,1.228586874,-0.703566389,1.640752248,2.76914916,-0.701735181,-0.370382206,1
hydroxyzine,-1.28632414,-0.766426188,-0.029126462,-0.375764353,-0.3438813,0.311365313,0.134835545,-0.237186794,-0.125696263,-0.276977307,0.086636705,-0.503806721,-0.520666215,-0.352623284,-0.175268647,0.059937846,-0.688716477,-0.260312586,0.116582005,-0.499776965,0.294853381,0.371076628,-0.275445963,0.510731541,-0.041227758,0.217672949,-0.118867232,-0.359060732,0
ibufenac,-1.469018044,-0.900601712,0.053520685,-0.364912418,-0.362233704,0.247942669,0.169192593,-0.036821154,-0.301515862,-0.265990109,-0.235968576,-0.184858718,0.10820624,-0.579699099,-0.081964589,-0.004651592,-0.173610753,-0.112661579,-0.465662648,0.290680052,-0.563067276,-0.04060644,0.228650016,-0.199329134,-0.12418021,-0.314273434,0.076518191,0.026386231,1
ibuprofen,2.659127074,1.138104837,-1.911948244,3.090620289,-0.758307846,1.765229057,-0.586702891,-0.097614721,-0.131247236,0.061047532,-2.192940437,6.033031198,6.415314942,-4.842052587,1.713684804,-3.779387769,1.56606134,-1.263136109,6.996244819,2.752478782,-1.614418902,1.042341832,0.69209967,-3.403694795,-0.041752462,-2.595255193,-1.831607043,-0.341042152,0
ifosfamide,-0.713162488,-0.820858539,-0.145676936,0.329774586,-0.329336139,1.084376622,-0.143884883,-0.364364916,-0.19070039,-0.440662042,-0.74880058,-0.324296422,0.964924758,-0.643235632,0.003750965,-1.165294929,0.364159609,-0.470606294,1.598919951,0.321673227,-0.311891437,0.992493181,0.529873698,-2.080632419,1.007324078,1.030024829,-0.622486381,0.290920754,0
indomethacin,1.390298269,1.77774536,-0.722124295,2.021022531,-1.124500527,0.014677683,-0.477750958,1.116714009,-0.805035091,-0.655416311,-0.948732888,3.376729039,6.83089369,-0.187117197,2.929892443,-5.644188677,3.076555916,-5.287896503,6.994812714,6.320283267,-2.277707822,-3.73654696,-1.941355886,-1.879062447,-3.547645357,-1.117288377,1.415023046,0.36407398,1
irbesartan,-1.469065249,-0.900633681,0.053565338,-0.364903688,-0.362234716,0.247891781,0.169145386,-0.03688076,-0.3014963,-0.266001501,-0.236114908,-0.184969803,0.108114428,-0.579654193,-0.081976789,-0.004603481,-0.17358081,-0.112563459,-0.465731087,0.290621971,-0.563022827,-0.040647091,0.228481696,-0.199373943,-0.124061715,-0.314190045,0.076553468,0.02639322,0
isoniazid,-0.121921826,-0.817167021,-0.287571824,-0.219536311,1.144161059,-0.273246128,-1.56326314,-0.724193924,-1.072521481,1.211642386,-2.165610512,-0.13244008,1.561879857,3.316545847,0.808017781,-1.744998877,0.931942263,-3.590791778,-2.164072558,8.2519383,4.570389169,-5.9204016,-1.713345735,2.921025532,4.274556692,7.358476679,-1.916932214,4.647275298,1
itraconazole,-1.529509729,-0.791105163,0.14283895,-0.383964637,-0.382537912,0.213980224,0.020240054,-0.117864374,-0.097223807,-0.290226504,-0.286290096,-0.327702208,-0.323484498,-0.225982248,-0.01956119,-0.139614991,0.014649776,0.342678484,-0.621790345,0.252083396,-0.232908247,-0.082001739,-0.047798728,0.056147837,-0.112384488,-0.29730297,-0.084989881,-0.040396371,1
ketoconazole,25.47472364,35.48528405,-22.13666902,-12.66582629,-0.276523287,-14.25744992,1.583798205,-0.629092742,-2.931412789,0.305318828,-0.972356741,-0.913168477,-4.422265919,-5.547870744,1.347265985,0.853334584,0.005396363,-0.667642695,-0.106119066,0.745640628,-0.018746107,-0.490772702,-1.83639942,-0.770423389,-0.782478863,-0.317660723,-0.785119188,0.411075595,1
lansoprazole,-0.874378401,-0.47632089,-0.334846235,-0.954123031,-0.361332675,-0.617512238,0.027079227,-0.343578799,-0.441707252,-0.315249307,0.154515007,-0.121398722,-0.795198359,-0.684758525,-0.24174868,-0.111539063,0.834499518,0.021020124,-0.977522393,0.600432268,-0.44167952,0.132619584,2.613846595,-0.691618848,2.02479323,0.210575484,1.079195994,-0.109947574,0
leflunomide,1.758495584,5.062220154,-3.805402879,-2.098909527,-2.237912801,1.666931518,-1.968695528,3.889953914,-0.394866165,1.831139999,19.4212636,9.011657324,4.103921502,4.943722669,-1.260376136,2.918395711,-3.620990707,2.71166258,-2.374796297,0.817456646,-2.574066149,-1.520076753,-4.99749651,-3.788571328,4.639722751,0.757010301,1.401385478,0.247697589,1
letrozole,-1.408822102,-0.883395174,0.032584654,-0.38314224,-0.414854725,0.25943804,0.067444985,-0.154219837,-0.283510278,-0.34672787,-0.33224353,-0.560829191,-0.15054621,-0.538474377,-0.132528855,0.042301255,-0.25927996,-0.117423089,-0.333714087,-0.102847356,-0.293956055,0.170381801,-0.018154248,-0.084453221,-0.030123329,0.301695959,-0.185346176,-0.056786584,0
levothyroxine,-1.450147834,-0.833796439,0.160537654,-0.391536871,-0.427535361,0.252253496,0.029583015,-0.124919542,-0.301393861,-0.300477127,-0.105648524,-0.408830538,-0.252818894,-0.382485581,-0.176240214,-0.048322526,-0.277619145,-0.081318332,-0.208430879,-0.014489003,-0.014399327,0.050453031,-0.20559186,0.317662509,0.235933743,-0.061207981,-0.034143688,-0.100648415,0
lomustine,-1.505946015,-0.887313751,0.151857594,-0.388037401,-0.417864853,0.203359224,0.05317546,-0.205192293,-0.161005474,-0.153414689,-0.364818589,-0.350016836,-0.306297977,-0.464092735,-0.301163274,-0.000629754,-0.331783556,0.020014526,-0.48320707,0.049909903,-0.305776274,0.028990384,-0.14825272,0.184206793,0.21423185,-0.225448987,0.058180793,-0.080968517,0
loratadine,-1.505189125,-0.881505676,0.139304035,-0.353035834,-0.321082922,0.203827187,-0.017535907,-0.213441183,-0.185088254,-0.155234117,-0.418066811,-0.288314015,-0.173075108,-0.321819407,-0.042913099,0.056448168,-0.219552184,0.083475813,-0.320035636,0.079993753,-0.124652122,0.00180222,0.172724209,-0.373157559,0.023136347,0.238778165,0.265201878,0.021382031,0
lovastatin,-0.865854293,-0.741777604,-0.143891911,0.203437451,-0.4832835,0.575986519,-0.23850889,0.310306958,-0.093398494,0.401960164,-1.275304823,-0.198906418,0.809949281,-1.276229856,0.171397035,-0.068996207,0.615078032,1.319907572,-0.6213981,-0.508704699,0.025585436,0.348492554,-0.543504249,-0.037741305,1.370691743,-0.083727399,0.264700294,0.213643748,0
lumiracoxib,-1.468964873,-0.900565701,0.053470386,-0.364922251,-0.362232564,0.24799999,0.169245768,-0.036754012,-0.301537897,-0.265977277,-0.235803745,-0.184733591,0.108309659,-0.579749681,-0.081950848,-0.004705785,-0.173644481,-0.112772103,-0.465585558,0.290745475,-0.563117344,-0.040560651,0.228839615,-0.19927866,-0.124313684,-0.314367365,0.076478454,0.026378358,1
mebendazole,-1.384172962,-0.75099598,0.161144464,-0.433600905,-0.480733449,0.318648727,0.016966828,-0.162936737,-0.203678449,-0.163092628,0.084325543,-0.331056515,-0.465794141,-0.365411268,-0.368370736,-0.149080958,-0.500638279,-0.16277816,-0.07741543,-0.127594237,0.144300127,0.208366745,-0.214015083,0.797154974,0.314726363,-0.154932128,-0.129085327,-0.222801051,0
medroxyprogesterone,-1.513871052,-0.86530256,0.011898455,-0.401471754,-0.099784055,0.060207094,0.033720485,-0.282208877,-0.297759701,-0.382561135,-0.078024696,-0.464080366,-0.431876308,-0.40801909,0.118185376,0.244981778,-0.457994811,-0.089502465,-0.148692952,-0.421862663,0.415482075,0.140438945,-0.556766168,0.040039027,-0.419210944,-0.251141974,-0.031562991,-0.384633858,0
mefenamic acid,0.899948759,1.222682764,-1.69750866,0.536209401,-0.961882255,2.14971996,-1.404168138,2.51220007,0.724281205,0.228690457,5.348705072,1.833503193,2.156058296,1.159878173,0.824807585,-1.171735156,3.584519096,-1.221709128,2.369221127,-1.274208614,0.266482076,0.857228971,4.391955188,2.038641957,-2.666384236,0.704784395,-0.881453183,0.616537656,1
meloxicam,-1.42627616,-0.85972134,0.029410638,-0.18992927,-0.277609949,0.104264209,-0.046162477,-0.262351737,-0.292762477,-0.31559749,-0.516780183,-0.269970838,0.022846071,-0.310132858,-0.256855281,-0.012162009,0.406506786,0.186707984,-0.762253619,-0.053803053,-0.26164289,0.228691789,0.407350159,-0.396315802,0.092897998,0.155480288,0.036509693,0.207057913,0
melphalan,-1.516170637,-0.936827542,0.088885765,-0.296206542,-0.240057052,0.121756785,0.146012609,-0.212265265,-0.198603848,-0.358667997,-0.328618202,-0.448800198,-0.249194706,-0.31293692,0.04110762,0.219505395,-0.313837647,0.041167653,-0.297326871,-0.119646868,-0.037036077,-0.087408354,-0.388341541,-0.183778347,0.044859681,-0.122203192,0.315719718,-0.137944706,0
memantine,-1.506102484,-0.887510023,0.151856105,-0.387937836,-0.417738902,0.203201803,0.05320546,-0.205102818,-0.161235855,-0.153738905,-0.365269742,-0.350200525,-0.305794305,-0.464133641,-0.300709368,-0.000391021,-0.331256121,0.020207918,-0.483518795,0.050177957,-0.306153614,0.028616555,-0.148232436,0.183071273,0.214045257,-0.225228197,0.058406034,-0.080679326,0
metformin,-1.505163691,-0.881471931,0.139299517,-0.353038572,-0.321066488,0.203852664,-0.017567524,-0.213458689,-0.185060354,-0.1551827,-0.418014482,-0.288261111,-0.173105571,-0.321758919,-0.042888185,0.056431429,-0.219594421,0.08346878,-0.319923704,0.079962073,-0.124522841,0.001851997,0.172842583,-0.373186276,0.023093919,0.238918599,0.265244129,0.02137434,0
methimazole,-1.422223757,-0.610198921,-0.131551964,-0.321667137,0.103816701,0.230932187,-0.282615295,-0.328333679,-0.478775991,-0.345703644,-0.664451544,-0.820257627,0.046127356,-0.444419226,-0.155005076,0.112222078,-0.284247378,0.135831045,-1.185135072,1.093715133,-0.633279229,-1.345974417,-0.038299615,-0.093262116,0.15549438,0.746236386,-0.442957781,-0.123976017,1
methotrexate,0.184530679,-0.360976321,-0.163883407,0.927853442,0.661171044,-1.043924269,-1.066788844,-0.045719573,-0.483973298,-0.090490514,0.608684102,1.323654382,-3.580556748,2.787666584,0.367908082,-2.765425378,-0.620961935,-1.857393466,4.657544537,3.144677347,2.356505272,-2.72882687,-3.345467667,7.621935876,3.298536187,-3.268419597,0.537055381,-1.002283785,1
methylprednisolone,-1.513869078,-0.865237828,0.01182883,-0.401567215,-0.099657219,0.060151362,0.033618599,-0.282272154,-0.297849647,-0.382582649,-0.077798117,-0.464094168,-0.432041502,-0.408105557,0.118254912,0.245004627,-0.458125007,-0.089620726,-0.148558918,-0.4221359,0.415891194,0.140645279,-0.556918266,0.04024157,-0.419631188,-0.251258804,-0.031877924,-0.384856994,0
methysergide,-1.382665324,-0.764499727,0.077590152,-0.345660273,-0.25008942,0.255781259,0.049817958,-0.296428468,-0.027241883,-0.085423328,0.000868497,-0.231227887,-0.543228215,-0.135897419,-0.08562304,0.074066775,-0.649033457,-0.05941703,0.13038348,-0.316966385,0.464302384,0.202548003,-0.084432536,0.221987721,0.011985936,0.154909378,0.3317367,-0.280898349,0
metolazone,-1.505946703,-0.887314613,0.151857587,-0.388036963,-0.4178643,0.203358533,0.053175591,-0.2051919,-0.161006486,-0.153416113,-0.36482057,-0.350017642,-0.306295765,-0.464092915,-0.301161281,-0.000628705,-0.33178124,0.020015376,-0.483208439,0.04991108,-0.305777931,0.028988742,-0.148252631,0.184201806,0.21423103,-0.225448017,0.058181782,-0.080967247,0
nabumetone,-1.453949857,-0.646681718,-0.041840199,-0.612627602,-0.383693103,0.004148266,-0.036025314,-0.166689281,-0.251147167,-0.143663692,0.09769229,-0.153665264,-0.30337333,-0.457756774,0.000671233,0.137695107,-0.209008686,0.143813988,-0.654260696,0.331754698,-0.384248501,-0.103167786,0.872030891,-0.64285906,0.653013174,0.698317596,0.420985049,-0.002827749,0
naproxen,-1.426214928,-0.911163993,0.064814318,-0.4863949,-0.444157923,0.091363609,0.027758004,-0.102279277,-0.305978668,-0.27029343,0.035742706,-0.124773021,0.084099843,-0.515360502,-0.032124574,-0.151686549,-0.06262823,-0.170362205,-0.029797577,0.255389411,-0.391527614,-0.070522707,-0.22250236,-0.159813771,-0.444312447,-0.37303044,-0.212449952,0.096409634,0
nateglinide,-1.42621493,-0.911163994,0.064814319,-0.486394898,-0.444157922,0.09136361,0.027758005,-0.102279278,-0.305978668,-0.27029343,0.035742698,-0.124773025,0.08409984,-0.515360501,-0.032124575,-0.151686546,-0.062628231,-0.170362202,-0.029797585,0.25538941,-0.391527615,-0.070522707,-0.222502358,-0.159813773,-0.444312439,-0.373030437,-0.212449947,0.096409633,0
nifedipine,-1.505955608,-0.887325784,0.151857502,-0.388031296,-0.417857131,0.203349573,0.053177299,-0.205186808,-0.161019598,-0.153434566,-0.364846249,-0.350028097,-0.306267097,-0.464095243,-0.301135446,-0.000615117,-0.33175122,0.020026383,-0.483226181,0.049926337,-0.305799408,0.028967465,-0.148251476,0.184137175,0.21422041,-0.225435451,0.058194602,-0.080950787,0
nilutamide,3.659969614,-0.004700592,0.080232702,2.273389426,0.738827083,0.569507604,0.347286725,0.298908487,2.052672166,2.289829142,-1.910282303,3.261804534,-0.391402904,3.584242343,6.520121533,5.13154455,5.858813073,-0.212930864,-3.999718253,1.779133971,13.23903524,0.050393355,0.203466673,-5.586982648,-1.214237147,-1.327664162,-0.902051245,-0.288129273,1
nimesulide,-1.359158038,-0.615866414,-0.069084634,-0.19230433,-0.452024032,0.528576198,-0.156643662,0.59224128,-0.021806571,-0.253844283,0.62852425,0.042723958,0.254469824,0.022576585,0.11556446,-0.18083711,0.291179838,-0.113268211,-0.369191503,0.709962909,0.135594202,-0.121798614,0.474819248,-0.392768117,-0.79636679,-0.655808981,-0.228414996,-0.048936041,1
nitrofurantoin,2.291707366,2.059861623,-2.380705128,1.750664217,-0.61881037,1.034857544,-0.805180139,1.724592304,0.819433025,-0.451858736,-3.892441919,2.526858101,-6.882574723,11.70739874,18.31552652,-3.285709592,-2.685340939,3.243191165,-0.208505493,-1.077802248,-5.622815232,1.075907004,0.070423694,0.492181377,-0.701321716,0.243949675,0.182455236,0.191368445,1
norethindrone,-1.442064606,-0.781420564,0.014689424,-0.270001847,0.454920972,0.19340022,0.782044244,0.057191382,-0.262797985,-0.096074976,-0.101323824,-0.079411766,-0.555918054,-0.087298816,0.748455434,0.537344538,-0.170488469,-0.031994733,-0.281094259,-0.483304137,2.297094518,0.404503158,-0.522046975,-1.136300165,-0.738552604,-0.369254775,-0.18839159,-0.88966708,0
omeprazole,-1.449810942,-0.853586972,0.089517311,-0.338432678,-0.293473762,0.18852045,0.133289294,-0.250212415,-0.100897337,-0.221165414,-0.13728039,-0.370895896,-0.462805911,-0.295588688,-0.151397603,0.118256642,-0.537527499,-0.040851511,-0.165121651,-0.2333307,0.122996944,0.071135522,-0.396944227,0.297804787,0.123995258,-0.215842011,0.22019308,-0.260592786,0
orlistat,-1.505166417,-0.881475546,0.139300001,-0.353038278,-0.321068249,0.203849935,-0.017564136,-0.213456813,-0.185063343,-0.155188209,-0.418020089,-0.28826678,-0.173102307,-0.3217654,-0.042890854,0.056433223,-0.219589896,0.083469534,-0.319935697,0.079965467,-0.124536693,0.001846664,0.172829899,-0.373183199,0.023098465,0.238903552,0.265239602,0.021375164,1
oxcarbazepine,-1.384270047,-0.751129333,0.161149263,-0.433516649,-0.480630546,0.318545964,0.016976387,-0.162802432,-0.203977693,-0.163478283,0.08411464,-0.331257803,-0.465317918,-0.36538958,-0.367887679,-0.148906533,-0.500140878,-0.162680897,-0.07749394,-0.127406009,0.144176131,0.208056239,-0.214037687,0.796259743,0.314579095,-0.154624485,-0.128953999,-0.222563008,0
oxymetholone,-1.449126444,-0.847870963,0.076981704,-0.303428702,-0.196747077,0.18892283,0.062653205,-0.258410865,-0.125059417,-0.223113512,-0.190688559,-0.309330149,-0.32948745,-0.15349076,0.106772749,0.175367077,-0.42516478,0.022634299,-0.002275535,-0.203135825,0.303739358,0.043812246,-0.076254059,-0.259495819,-0.066980064,0.248015325,0.427087466,-0.158204342,1
oxytetracycline,3.492839129,1.509094643,-2.447639299,30.72835338,-5.873317634,-16.67351549,5.742685933,-10.07634681,-1.104659257,-5.642017663,5.039401201,-0.812197834,-1.169762537,0.474171502,-0.725049745,0.322331168,0.644490022,0.558583929,-1.351013568,0.129485382,-0.409029534,-0.548106941,0.224122565,0.332424903,-0.367861433,-0.505137312,0.060424206,0.042175191,0
paclitaxel,-1.327652429,-0.716828346,0.098829112,-0.384158615,-0.356561563,0.304179115,0.096973131,-0.207886289,-0.143579943,-0.2307256,0.313229944,-0.351805333,-0.622938335,-0.19663293,-0.218980033,-0.030685978,-0.707053184,-0.224204586,0.241861869,-0.411413908,0.574409059,0.251142888,-0.462886034,0.912846754,0.224833458,-0.14523903,0.032340462,-0.402921144,0
pantoprazole,-1.529434652,-0.790790357,0.142824237,-0.384031569,-0.382569647,0.214115979,0.020159956,-0.117777745,-0.09694051,-0.290225293,-0.285816672,-0.327526395,-0.323889384,-0.225534099,-0.019404888,-0.140036431,0.014865105,0.343100645,-0.621801535,0.252238633,-0.232499671,-0.08191832,-0.047637595,0.05676802,-0.112818642,-0.297593292,-0.085408625,-0.040540355,0
pazopanib,-0.777093129,-0.174620175,-0.267972658,-0.259832539,-0.495318647,0.614955055,-0.068550466,0.133757627,0.088766774,0.159214586,1.696644479,0.241772389,-0.904583585,0.255343378,-0.321537886,-0.486370002,-0.975008553,-0.562098722,1.182469525,-0.714627394,1.329832978,0.860776024,0.357751831,2.004505336,-0.87688501,0.265608929,-0.726309783,-0.717923398,1
piroxicam,-1.505344321,-0.865682414,0.037164189,-0.135452592,-0.435970589,0.339414734,-0.213527456,0.411280059,-0.141014695,-0.279462712,0.037144119,-0.300734825,0.284118016,-0.135816092,-0.000557136,0.164782873,0.232996167,-0.139273214,-0.512623546,0.493689479,-0.001454958,-0.258011839,0.014567104,-0.843618286,-0.288611462,-0.307420016,0.087883821,0.048523963,0
praziquantel,-1.426170161,-0.859640889,0.029322216,-0.18981612,-0.277546916,0.10424074,-0.046243819,-0.262420772,-0.292787193,-0.315615405,-0.516751601,-0.269856187,0.022929933,-0.310008511,-0.256962852,-0.012243873,0.406880319,0.186769446,-0.762360207,-0.053960855,-0.261494692,0.228951829,0.407747211,-0.39638762,0.092867368,0.155688823,0.036424623,0.207177957,0
prednisolone,-1.513871011,-0.865241095,0.011833211,-0.401565702,-0.099665559,0.060153702,0.03361931,-0.28226856,-0.297848667,-0.382579682,-0.077813192,-0.464093017,-0.432030823,-0.408108297,0.118247627,0.244999915,-0.45811385,-0.089614783,-0.148573939,-0.422117426,0.415863377,0.140637041,-0.556904954,0.040231082,-0.419614265,-0.251255253,-0.03187288,-0.384843626,0
prednisone,-0.672191319,-0.428131775,-0.504084451,0.984006266,-0.576576555,0.191256246,0.439390484,-0.703667996,-0.267819316,-0.798873394,-0.985269181,-0.016811207,0.97905104,-1.657628367,1.154117461,-0.753922258,-0.183554144,-0.988650087,2.692368039,0.18107232,1.065546463,1.133802305,-1.513162561,-3.890833969,0.59049638,0.321404668,-2.08250715,-0.977728038,0
pregabalin,-1.505173833,-0.881485386,0.139301319,-0.35303748,-0.321073041,0.203842506,-0.017554917,-0.213451709,-0.185071479,-0.155203201,-0.418035347,-0.288282206,-0.173093424,-0.321783038,-0.042898119,0.056438103,-0.21957758,0.083471584,-0.319968335,0.079974704,-0.124574389,0.001832149,0.172795383,-0.373174826,0.023110836,0.238862603,0.265227282,0.021377407,0
primidone,-1.611362987,-1.024903426,0.160001195,-0.387570104,-0.411376165,0.156599213,0.076266011,-0.196466701,-0.305778076,-0.351373137,-0.682071031,-0.529817328,-0.120722539,-0.64255919,-0.15059843,0.153868196,-0.170006955,0.162278153,-0.998601572,0.27245252,-0.798888543,-0.225626056,-0.258611343,-0.574929971,0.281447017,-0.302320458,0.376337059,0.10412098,0
probenecid,-1.425806141,-0.859364607,0.029018556,-0.18942754,-0.277330447,0.104160145,-0.046523163,-0.262657852,-0.292872074,-0.315676928,-0.516653446,-0.269462451,0.023217932,-0.309581477,-0.257332275,-0.012525011,0.408163108,0.186980521,-0.762726251,-0.054502777,-0.26098575,0.229844856,0.409110764,-0.396634256,0.092762176,0.156404977,0.036132475,0.207590209,0
progesterone,-1.215120755,-0.19213388,-0.475157267,-0.18668649,0.386015045,0.479140612,0.813299399,0.211988891,-0.294463995,-0.282194407,-0.531401304,-0.62045095,-0.893078694,0.1178018,2.347520203,0.447176097,-0.803469493,0.111414473,0.135993446,-0.957853954,2.751469864,0.936402909,-1.450982741,-2.784868116,-0.570246112,-0.966247918,-1.109836109,-1.775141236,0
propofol,-1.239493692,-0.298922307,-0.008238023,0.033170607,0.243428927,0.295014632,-0.528879035,0.158401696,1.287673761,-0.381269897,0.059271555,-0.200784475,0.412299512,0.389164023,-0.550085805,0.090039865,1.63358995,-0.238525304,-0.81769911,0.063404247,0.335296732,-0.108169193,0.440167138,-2.648624687,-0.558495042,-0.27033005,-0.852942808,0.115992117,0
pyridoxine,-1.107059087,-0.774223636,1.315315808,-0.694727452,-0.109957817,-0.064350114,0.293369451,-0.630709356,1.481241249,-0.514929061,-0.302958504,-0.767086507,-0.035176111,-0.589021998,-0.543404782,-1.154934605,-1.782508705,0.793802163,-1.322575551,0.480075303,-0.270320524,0.546444356,-0.365270497,0.267888763,-1.841620955,-3.575219612,0.705394349,13.81487327,0
pyrimethamine,7.50179854,29.65182982,47.18367012,1.340484475,-1.128585124,1.587121141,-0.613706243,0.209358242,-2.898804975,0.014846855,0.635491834,-0.750927858,-0.367545247,0.189177945,-0.072981524,-1.597554698,-0.779675125,-0.639467664,-0.569555047,-0.88409353,0.408916737,-0.599546705,0.51945405,-0.457893117,0.177186578,-0.210796183,-0.09138096,-0.130704182,0
quinidine,-1.438801998,-0.79822871,0.139930708,-0.395264923,-0.374481909,0.270618331,-0.030293322,-0.251407215,-0.087351651,-0.017676077,-0.226672559,-0.210352654,-0.386719169,-0.304405936,-0.235391452,-0.04481864,-0.443287591,0.001449063,-0.187709693,-0.033724247,0.035520334,0.160399783,0.164249195,0.108394605,0.102226165,0.145290809,0.169720808,-0.101274345,0
quinine,-1.506239188,-0.887681502,0.151854804,-0.387850848,-0.417628861,0.203064266,0.05323167,-0.205024645,-0.161437135,-0.154022167,-0.365663907,-0.350361012,-0.305354256,-0.464169379,-0.300312798,-0.000182443,-0.330795308,0.020376882,-0.483791144,0.050412151,-0.30648329,0.028289947,-0.148214714,0.182079189,0.213882234,-0.225035297,0.058602824,-0.080426665,0
raloxifene,-1.342096824,-0.794694881,0.0208501,-0.390298663,-0.371536779,0.326331565,-0.015772942,-0.200311847,-0.210047073,-0.211327188,-0.194811067,-0.42141325,-0.230647308,-0.379196293,-0.066924613,-0.001676847,-0.370246849,-0.135643272,-0.039482982,-0.185877196,0.046080109,0.300997997,0.293240979,-0.160316686,-0.141572268,0.670741963,-0.073697569,-0.076901097,0
ranitidine,-1.516197244,-0.936843528,0.088915313,-0.296230053,-0.240116011,0.121763818,0.145974636,-0.212243926,-0.198632338,-0.358635885,-0.328726051,-0.448790301,-0.249120524,-0.313016788,0.041036634,0.219449045,-0.313740128,0.041196502,-0.297477637,-0.119512618,-0.037239307,-0.08742833,-0.388223666,-0.18383219,0.044902452,-0.122207745,0.315642927,-0.137859567,0
rifabutin,-1.468954156,-0.900558442,0.053460249,-0.364924233,-0.362232334,0.248011543,0.169256486,-0.036740479,-0.301542339,-0.26597469,-0.235770523,-0.184708371,0.108330504,-0.579759877,-0.081948078,-0.004716708,-0.173651278,-0.11279438,-0.46557002,0.290758662,-0.563127436,-0.040551422,0.22887783,-0.199268487,-0.124340586,-0.314386298,0.076470445,0.026376771,0
riluzole,-1.506180321,-0.88760766,0.151855364,-0.387888307,-0.417676247,0.203123492,0.053220384,-0.205058308,-0.16135046,-0.15390019,-0.365494173,-0.350291904,-0.305543749,-0.464153989,-0.300483568,-0.00027226,-0.330993742,0.020304123,-0.483673866,0.050311303,-0.306341326,0.02843059,-0.148222345,0.182506397,0.213952434,-0.225118363,0.058518083,-0.080535465,1
ritonavir,-0.840391459,-0.324389252,-0.239362566,-0.702628839,-0.455314962,-0.0287315,-0.283717136,-0.073253839,0.057059727,0.221220341,1.404368997,0.321831873,-0.890645797,-0.178026622,-0.147900629,-0.109479594,-0.155829433,-0.891208214,0.756969263,-0.903180957,0.562969329,0.094486211,-0.682355929,1.589086024,-1.53056563,-0.685480263,-1.035618714,-0.450196312,1
rosiglitazone,-1.468955219,-0.900559163,0.053461254,-0.364924036,-0.362232357,0.248010397,0.169255422,-0.036741822,-0.301541898,-0.265974947,-0.235773819,-0.184710873,0.108328435,-0.579758865,-0.081948353,-0.004715624,-0.173650604,-0.112792169,-0.465571562,0.290757353,-0.563126435,-0.040552338,0.228874038,-0.199269496,-0.124337917,-0.314384419,0.07647124,0.026376929,0
simvastatin,1.560860612,1.549009818,-1.0406474,1.22154075,-1.063729898,-0.253485324,-0.419768388,1.093038324,-0.079376468,-0.049535659,-3.701655302,-0.800958846,2.977996117,-1.630500417,1.680493108,1.004063875,-0.327524812,1.231750799,0.915228627,-3.943907329,-0.880442457,0.299128265,-2.043211267,-0.940286973,5.41197082,-0.962101348,-0.392766264,1.166523115,0
spironolactone,-1.370283534,-0.73075829,-0.118021141,-0.413870841,-0.064173858,0.279599873,0.116766193,-0.234102601,-0.312631778,-0.302681129,0.304445244,-0.131650918,-0.330186982,-0.521495616,0.595392964,0.067849131,-0.861850497,-0.494490306,0.759673416,-0.557991479,1.390763638,0.767998758,-0.398686281,-1.223839484,-0.954223012,-0.231273389,-0.792761462,-1.225125844,0
stavudine,-1.611362987,-1.024903426,0.160001195,-0.387570104,-0.411376165,0.156599213,0.076266011,-0.196466701,-0.305778076,-0.351373137,-0.682071031,-0.529817328,-0.120722539,-0.64255919,-0.15059843,0.153868196,-0.170006955,0.162278153,-0.998601572,0.27245252,-0.798888543,-0.225626056,-0.258611343,-0.574929971,0.281447017,-0.302320458,0.376337059,0.10412098,1
sulfasalazine,0.226999739,0.209074524,-0.020619572,3.884195003,19.91728116,0.936270738,26.69336012,12.52886989,-5.19707895,2.447568309,0.388284917,1.82257132,-0.20051287,0.220436763,-0.852234685,-0.361224967,-0.550900441,-0.051690525,-0.34883158,0.748915736,-0.453385769,0.395018685,0.361228322,0.327049665,-0.065206881,-0.231123018,0.059045951,0.233242336,1
sulindac,1.03399594,3.286809339,-2.778601525,-3.908971339,-0.300735583,-3.18496412,0.324119313,-0.215711853,1.243062947,-0.106015688,3.947855049,0.203366313,-2.541549422,-1.385307506,0.943407172,-1.339793199,3.479659237,-0.941580107,-1.388114258,1.543065558,-1.383801643,1.548255708,13.30079,0.578790853,3.146869494,0.792905673,1.101161543,0.464320847,1
tamoxifen,-0.26657526,1.099508871,-0.052739403,-2.184058095,-0.121069888,-3.027794869,0.864928468,-1.237511991,-2.462368672,-0.894760283,-3.249356779,-1.719011163,4.069670099,5.13449486,-1.333555942,7.689793443,-3.842639274,8.151694955,10.13087024,-2.862959856,2.417959057,-6.424215322,4.439063345,-1.50613897,-0.311582153,-0.515682984,1.971993167,2.34336735,1
telmisartan,-1.469020324,-0.900603255,0.053522841,-0.364911996,-0.362233753,0.247940212,0.169190314,-0.036824032,-0.301514917,-0.265990659,-0.235975642,-0.184864082,0.108201807,-0.57969693,-0.081965179,-0.004649269,-0.173609307,-0.112656841,-0.465665953,0.290677247,-0.56306513,-0.040608403,0.228641889,-0.199331298,-0.124174488,-0.314269408,0.076519894,0.026386569,0
temazepam,-1.505310011,-0.881666065,0.139325508,-0.353022822,-0.321161029,0.203706093,-0.017385629,-0.213357977,-0.18522086,-0.155478501,-0.418315529,-0.288565467,-0.172930318,-0.322106908,-0.043031515,0.056527725,-0.219351432,0.083509238,-0.320567651,0.080144328,-0.125266594,0.00156563,0.172161579,-0.373021065,0.023338002,0.238110682,0.265001061,0.02141859,0
terbinafine,-1.338006257,-0.92190579,0.073180595,-0.594871548,-0.372243269,-0.064694361,0.148212007,-0.227900218,-0.193369877,-0.331803837,-0.463586457,-0.524594829,-0.248348849,-0.671500922,-0.004662005,0.507889686,0.215855531,-0.501875178,-0.614856265,-0.41534617,-0.799857642,-0.568686148,-0.751639827,-0.029926166,0.106579797,-0.381757075,0.112536051,0.064012663,1
testosterone,-1.449150963,-0.847903244,0.076986382,-0.303426405,-0.196763461,0.188898707,0.062682763,-0.258393949,-0.125086304,-0.223161965,-0.190739695,-0.309380303,-0.329457533,-0.153549289,0.106748147,0.175382255,-0.42512337,0.022641357,-0.00238388,-0.203103972,0.303613844,0.043764676,-0.076365038,-0.259469224,-0.066939184,0.24788179,0.427046311,-0.158195926,1
tetracycline,0.821979096,1.085704639,-1.207303561,4.508693392,31.34210422,-1.266078959,-17.22418884,-8.798104994,-6.048202777,0.238591552,1.721069519,0.149635065,0.467862199,-0.418768152,0.669412148,0.786794514,-0.540003991,-0.594697409,-0.232388633,-0.701012775,-0.77548948,0.479148275,0.289292944,-0.285025652,-0.268199681,-0.585093345,0.305365363,-0.071987531,0
theophylline,-0.229675335,1.670119331,0.421145307,-0.252148055,2.295480913,0.806870029,2.162175756,0.240489367,7.940868817,-0.841423552,-0.112829447,-1.65247876,1.018289479,1.61948568,2.37772345,6.725011549,9.725071608,-8.881153205,0.75819816,-8.456281486,-4.443515508,-6.101405117,-1.79647235,2.355927041,1.196995752,-0.215936566,0.738371663,0.926069692,0
ticlopidine,-1.327507077,-0.711684985,0.08632993,-0.349035014,-0.259740354,0.304147238,0.026396927,-0.216189262,-0.167656875,-0.232579358,0.257825405,-0.290308202,-0.488820824,-0.05512522,0.039270056,0.0268652,-0.59379569,-0.159947316,0.402753787,-0.380207828,0.75289638,0.223066518,-0.141706773,0.353080023,0.033590445,0.318286208,0.239753958,-0.299783771,1
tinidazole,-1.505161826,-0.881469455,0.139299186,-0.353038773,-0.321065283,0.203854533,-0.017569843,-0.213459973,-0.185058308,-0.155178928,-0.418010643,-0.28825723,-0.173107805,-0.321754482,-0.042886357,0.056430201,-0.21959752,0.083468264,-0.319915493,0.079959749,-0.124513357,0.001855648,0.172851266,-0.373188383,0.023090807,0.238928901,0.265247228,0.021373776,0
tipranavir,-1.381023284,-0.673611124,0.071676639,-0.503873255,-0.243935146,0.257694926,-0.165904677,-0.24102707,-0.326884513,-0.18882888,0.281943972,-0.2847036,-0.515401877,-0.318253707,-0.03343579,-0.066726316,-0.532717385,-0.230131858,0.234427757,-0.399708164,0.777797988,0.409041577,-0.06182262,0.464619947,-0.339828251,0.179934296,-0.26953591,-0.367213842,1
tolazamide,-0.460933481,0.203240082,-0.25773667,0.504753373,-0.344156781,1.021117725,-0.546611437,-0.383283458,-0.412192412,-0.375039225,0.137594984,0.883293389,1.141874501,1.184601264,-0.281733033,-0.764914384,-0.877410465,0.542130504,-3.394267977,3.595919456,-3.467774475,-3.07878522,2.028037803,0.060836298,-0.129906931,0.304030396,-1.695297437,-1.698343606,0
tolcapone,1.034115139,2.687095063,-2.504957175,-0.863294225,-0.747336359,1.651575558,-1.651274619,2.261028176,-0.057576641,0.547164086,11.471623,3.307089337,2.27957381,3.348943549,-0.095641727,0.30859102,2.81266572,-1.327170265,1.373128721,-1.9103965,0.708311863,0.809965547,2.757767831,-0.865585113,-1.586114708,0.855773847,-1.281213929,0.242027958,1
topiramate,-1.426219987,-0.859678706,0.029363779,-0.189869307,-0.277576545,0.104251772,-0.046205583,-0.262388321,-0.292775575,-0.315606984,-0.516765037,-0.269910079,0.022890513,-0.310066962,-0.256912287,-0.012205392,0.406704737,0.186740555,-0.762310104,-0.053886679,-0.261564354,0.228829595,0.407560573,-0.396353861,0.092881766,0.155590799,0.036464611,0.207121529,0
trimethadione,-1.505945928,-0.887313641,0.151857595,-0.388037456,-0.417864923,0.203359312,0.053175443,-0.205192343,-0.161005345,-0.153414508,-0.364818337,-0.350016733,-0.306298258,-0.464092713,-0.301163528,-0.000629887,-0.331783851,0.020014418,-0.483206895,0.049909753,-0.305776063,0.028990593,-0.148252731,0.184207427,0.214231954,-0.225449111,0.058180667,-0.080968678,0
troglitazone,23.10871703,17.74970039,-15.87950503,12.99214202,-0.960599114,22.33309425,-2.31283657,3.87236473,2.916836503,-2.525960064,-0.276853238,-12.68066531,2.514813424,2.727859783,-2.398676331,0.101888911,-1.636190456,0.221833354,-1.333173687,1.639737225,0.517729068,-0.395354236,0.935087798,0.335885523,-0.248050701,-1.722102389,1.060042989,-0.652817325,1
valproic acid,-0.568662865,-0.900820044,-0.283855388,4.614716085,-2.5787131,-2.997575675,-0.214866344,-3.048694469,0.60836557,30.27208333,0.691521762,-6.832690937,0.196404945,0.641145159,0.014459604,-0.636464417,-0.214943655,-0.248058236,1.181520354,-0.174038704,-1.517197365,0.221159084,0.037030261,-0.646633287,-0.135133976,-0.216915996,-0.0161047,-0.137596395,1
warfarin,-0.492925796,-1.305975691,0.096819906,-0.947377656,-0.466282651,-0.141736766,0.257634987,-0.166364786,-0.486927938,-0.331620054,0.465903363,0.031134406,0.393887647,0.217938058,0.453769472,-0.298603198,-0.2764959,-0.186567296,-1.223434944,0.418030982,-1.753587579,0.303000462,1.332805812,-0.576993205,0.218844759,-0.370720744,0.03291763,-0.063059281,0
zafirlukast,-1.402901217,-0.817697996,0.054096603,-0.406958824,-0.415408802,0.314466002,0.156582347,-0.074527052,-0.204272229,-0.129092925,-0.04531895,-0.107173731,-0.104335019,-0.562482031,-0.273588971,-0.105501521,-0.396329224,-0.194427583,-0.333971552,0.177576544,-0.403807071,0.117271921,0.220285023,0.280139478,-0.045540876,-0.407589383,-0.018620207,-0.095718101,1
zileuton,-1.250808821,-0.356852303,-0.425469848,-0.162361666,-0.62737935,0.735907394,-0.290158661,0.81763697,-0.189066988,-0.155618883,1.408932475,0.755548406,1.21291722,-0.31629454,0.143558809,-0.056058689,0.33388704,-0.599535246,-0.26000041,1.212455139,-0.609823153,-0.333831957,1.567493292,-1.192801681,-0.31574113,-0.125007067,0.412713074,0.025755461,1
zonisamide,-1.505945929,-0.887313642,0.151857595,-0.388037456,-0.417864923,0.203359311,0.053175443,-0.205192343,-0.161005346,-0.153414509,-0.364818339,-0.350016734,-0.306298256,-0.464092713,-0.301163526,-0.000629886,-0.331783849,0.020014419,-0.483206897,0.049909754,-0.305776064,0.028990592,-0.148252731,0.184207423,0.214231954,-0.22544911,0.058180668,-0.080968677,0
