chnm,P1,P2,P3,P4,P5,P6,P7,P8,P9,P10,P11,P12,P13,P14,P15,P16,P17,P18,P19,P20,P21,P22,P23,P24,P25,P26,P27,P28,P29,P30,classificn
abacavir,-1.44476165,-0.649513062,-0.062303803,-0.644003362,-0.315812684,0.012594193,-0.065045311,-0.231387638,-0.150217522,-0.040411624,0.103313865,-0.215089305,-0.310765285,-0.462767997,0.185039449,-0.292730316,0.503252586,-0.057175691,0.502399175,0.907176506,-0.331243682,0.12306267,1.036630385,0.139326482,0.812508288,0.420413479,0.753550187,-0.256332133,0.046677154,-0.172548209,1
acetaminophen,-0.309495988,0.169899864,1.727844435,0.772509589,0.539619733,0.242569978,1.063954127,0.103382044,2.772589476,0.246153411,-2.201970267,1.646206053,1.156949246,-0.978063621,1.448377243,-1.974823732,0.98580399,0.794123601,1.713074236,-0.02576244,-1.00955247,-0.390303077,0.080578619,2.855424955,0.421642631,-1.936299882,0.54396441,-1.354443014,-0.605530888,1.300689865,1
acitretin,-1.09436891,-0.538019061,-0.072097227,-0.580733121,-0.549016981,0.599654441,0.123162915,3.79E-05,-0.445833346,-0.233491152,0.577609334,-0.072582222,0.065478869,-0.330387012,-0.308353481,0.455177886,-0.930892373,-0.503321937,-0.859118739,-0.691344096,0.347138408,0.46600384,0.560191091,-0.549603726,-0.431519831,0.59203824,-0.583815373,-0.571781379,0.117369292,-0.187684738,1
albendazole,-0.558442915,1.0351491,-1.156281377,-0.551930241,-0.480369994,0.65252361,-0.503920954,0.271688562,-0.043036749,-0.013518355,1.52870732,-0.909348286,-1.164766019,-0.2442278,0.507222566,-0.242832461,-0.964668531,0.928340035,-0.065177513,-1.493961184,-0.104059464,0.037597903,-0.110889716,-1.228409854,1.093254726,1.857060435,-0.180541838,-0.610346412,-0.250679439,0.792902947,1
alclofenac,-1.414305262,-0.912261703,0.019344918,-0.16919084,-0.357133292,-0.014594831,-0.369296768,0.662524576,0.078873604,1.038107364,-0.113960026,-0.274379543,0.346117462,-0.687765599,0.19188359,-0.7895507,0.464380558,0.011124269,-0.351897485,1.269192223,-0.730893648,0.457490671,1.342013898,0.192954381,-0.250705951,0.105768058,0.190461738,-0.563103088,-0.608185008,0.379747942,1
allopurinol,-1.543057371,-0.925800581,0.208987711,-0.346162949,-0.370646824,0.196093311,0.082921165,-0.253827639,-0.029945267,-0.114982757,-0.461436965,-0.341169263,-0.414012083,-0.392498265,-0.271915264,-0.229488434,0.672636745,-0.60755965,0.537537511,0.290783898,-0.233385195,-0.089237821,-0.275910606,0.152395438,0.415055467,0.145112865,-0.128951817,0.454804346,0.041097499,0.59325754,1
ambrisentan,-1.470697295,-0.849810399,0.100572192,-0.506312913,-0.430821413,0.26162712,0.057036076,-0.283572683,-0.186419276,-0.137511183,-0.303358644,-0.365953796,-0.224701005,-0.434332265,-0.26377295,0.131858555,-0.221103483,-0.233859864,0.194485133,0.055893498,0.003856635,0.297507446,-0.216657884,-0.436173697,0.187109555,-0.400238689,0.202290507,-0.126092506,0.054113753,0.018381341,0
amifostine,-1.54220179,-0.9820396,0.151939444,-0.22220999,-0.283871653,0.046162315,-0.143329301,0.018371958,0.12547518,0.375141591,-0.42077946,-0.524367268,-0.399838303,-0.618615383,-0.061993592,-0.759593924,0.787083004,-0.351317022,0.338382016,0.898207152,-0.533455689,0.097083877,0.101780763,0.275804484,0.579888562,0.006688583,0.192531014,0.17485327,-0.427738301,1.151907046,0
amikacin,-1.592716389,-0.946804504,0.142238715,-0.150031318,-0.095287594,0.146025651,0.030297181,-0.465302569,-0.10324927,-0.24676327,-0.481957693,-0.373884151,-0.791197121,-0.377696519,-0.034882783,-0.363289709,0.770614306,-0.740893071,0.5050072,0.290134519,-0.064730407,-0.18904934,-0.211727218,0.41951993,0.289106445,0.333870368,0.309627641,0.490928634,-0.053162319,0.550061136,0
ampicillin,-1.241885545,0.110370114,-0.52769406,-1.136321483,-0.195902374,-0.874151829,0.199747936,-0.349600512,-0.519573639,-0.109858701,-0.322928615,-0.529516167,-1.196602068,-1.567614868,-0.17287464,0.202662715,0.515023619,-1.005386477,0.250437086,-0.265089075,0.066343522,0.140942609,-0.76067904,0.537161317,-0.661103357,-0.383811996,-0.759659354,-0.146819222,-0.494283509,0.924323449,0
amrinone,-1.552618816,-0.970077545,0.135053307,-0.250749308,-0.193990329,0.127283365,0.195779982,-0.294182672,-0.106175411,-0.320688402,-0.414217597,-0.450389439,-0.358963815,-0.248384889,0.040184845,0.073194866,0.557492018,-0.549231193,0.434247017,0.117710615,-0.171232059,-0.341882053,-0.338338825,0.498147679,0.181186236,0.132077833,0.139247189,0.359070464,0.29029499,0.20451022,0
anastrozole,-1.350231566,-0.781786689,0.038534828,-0.433062347,-0.399691009,0.355522657,0.047068891,-0.260539204,-0.231971506,-0.231484265,-0.228141627,-0.376166905,-0.198598521,-0.302967758,-0.159022159,0.231536528,-0.073562068,-0.466704924,-0.02870389,-0.23493304,-0.024710009,0.141505549,0.320537437,0.140832455,-0.126820564,0.734930315,-0.115496771,-0.24430558,0.074791619,-0.16865342,0
aspirin,0.405290274,-1.439866916,0.097635738,0.186339389,0.312817653,-0.007250957,0.10238936,-0.694187644,1.413482357,-0.346122215,-1.32286888,0.127590539,1.283895081,-1.877812683,-0.018565077,-3.013821891,0.875075811,1.819552694,0.61401307,1.381034879,-1.084410992,0.22454605,-0.050479116,5.434571907,-1.06666817,-1.850011778,-1.610492853,-0.875246661,-2.339219499,3.054446967,0
atenolol,-1.46664397,-0.559292989,0.209514665,-0.237080405,-0.023558982,0.337622584,-0.128852941,-0.335064263,-0.170403172,-0.295850047,-0.591619808,-0.410200726,-0.452728554,-0.086011779,-0.276351417,0.110361025,1.558165123,-0.01626962,0.501769723,-0.171172213,-0.322416933,-0.4308434,-0.031662023,0.603857322,-0.311958754,-0.238628494,-0.013907865,0.449685417,-0.183682311,0.374528853,0
auranofin,-1.036454989,-0.431392722,-0.287182722,-0.638318227,-0.222197427,0.546865308,0.131917689,-0.394290689,-0.492053271,-0.453635789,1.229190619,-0.275967812,-0.785278231,-0.459845083,-0.281521043,0.80793032,-1.758041592,-0.954971786,-1.402861103,-1.504875519,1.003167161,0.41703366,-0.483199556,-1.113073765,-0.434628513,0.027484547,-0.605771178,-0.513815635,0.478195898,-0.013803814,0
azathioprine,-1.329409842,-0.728973388,0.136573878,-0.015263796,-0.048200948,0.215118935,0.148019624,-0.397650447,-0.286836698,-0.211174834,-0.820336374,-0.105734279,-0.278383191,-0.152302864,0.279116657,-0.262294877,0.081339711,0.146848863,0.122457364,0.728666152,-0.166590989,-0.296002683,-0.079660782,0.25280553,0.551633289,-0.41296005,0.448258765,0.372109567,-0.009077681,0.361027541,1
azithromycin,-1.498216719,-0.82675446,0.076165809,-0.445416287,-0.446623241,0.244913406,0.194813714,-0.320854603,-0.427655801,-0.343346794,-0.30754983,-0.310551908,-0.371308463,-0.514952552,-0.590312432,0.534439192,-0.376725379,-0.653142789,0.21291128,-0.56503654,0.202467289,0.48209643,-0.563180186,-0.614596539,-0.248437739,-0.629660505,-0.340932219,-0.126114145,0.294808709,-0.138230987,0
aztreonam,-1.417719745,-1.032603776,0.07161536,-0.304909145,-0.162883684,-0.24703042,0.171955161,0.009030592,-0.091604882,0.009454686,-0.606953823,-0.681037539,-0.447153997,-1.022513675,-0.042790993,-0.350477171,1.799052138,-0.501968467,0.240353964,0.226665668,-1.250431018,-0.068935621,-0.570979595,0.603360479,0.000985522,-0.571812262,-0.065167548,-0.096138045,-0.669322302,1.165456191,0
benzbromarone,-0.520784626,-0.006421813,-0.43110487,-0.981035221,-0.629277399,0.249903936,-0.315487652,0.128091916,-0.319807009,0.126476646,3.018147712,1.004300101,-0.643574275,0.028510966,-0.423018082,0.405804562,-2.489461139,-0.487497472,-1.774400922,-1.313468992,1.353734505,0.423840443,-0.506863124,-1.572749584,-1.503385837,-0.300699664,-0.765485524,-1.061617135,-1.118982757,0.221972053,1
bicalutamide,-1.306099434,-0.63693938,-0.128815625,-0.28558845,0.002679168,0.142721446,-0.047810341,-0.554517517,-0.363049187,-0.358743898,0.092538805,-0.117135455,-0.401563767,-0.031403816,-0.145101967,0.598391141,-0.414909513,-0.263436761,-0.043624511,-1.2498026,0.558554042,0.126161127,0.470590061,0.212455956,-0.522098873,0.490846197,-0.018829936,-0.212875436,0.33169107,-0.52098956,1
bisacodyl,-1.176942171,-0.762381278,-0.03796842,-0.710657566,-0.315279944,0.057884588,0.237071143,-0.391141756,-0.075073249,-0.250884124,0.019018548,-0.476674321,-0.498144711,-0.453545696,-0.068789529,0.776456945,-0.031151273,-0.294154553,-0.498672647,-0.715358627,-0.3554062,-0.211754801,-0.973335768,-0.504828073,0.061929092,-0.705111445,0.264659484,-0.348362061,0.250637752,-0.296385709,0
bortezomib,-0.086074275,0.213500394,-0.664874095,-0.877350397,-0.718935014,0.50776637,-0.176003306,0.265048354,-0.165229117,-0.100658393,4.03421362,0.956963812,-0.815484611,0.359846187,-0.489474855,0.201342596,-2.407992404,-0.445404061,-1.726789686,-1.810727836,1.394454112,0.163818118,-0.364833058,-1.561967876,-1.174307683,0.906983249,-0.991328371,-0.362486591,-1.005306192,0.695286202,1
budesonide,-1.523660982,-0.842065791,0.004081382,-0.429042401,-0.109532657,0.108299875,0.145605421,-0.44283404,-0.397965482,-0.473813974,-0.084881628,-0.428545505,-0.489051521,-0.347821931,-0.058015656,0.701903101,-0.24761914,-0.701639182,0.05819078,-0.767878361,0.338492679,-0.115470604,-0.561769789,0.080771736,-0.510435432,-0.197558262,-0.161008475,-0.09183938,0.54603131,-0.504293936,0
busulfan,-1.503791134,-0.890759081,0.131370629,-0.390401679,-0.251064465,0.237613502,-0.053244032,-0.358152946,-0.051337817,-0.10278024,-0.409156178,-0.340665001,-0.270651787,-0.250458144,0.141542598,-0.203410988,0.230079923,-0.108840113,0.290383817,0.480344995,-0.094956222,-0.089405495,0.251039335,0.197757622,0.314336419,0.249167401,0.716372634,0.012419179,-0.093779596,-0.0264267,1
caffeine,-0.694026448,4.224522297,2.940539161,-2.603369896,9.005550241,-5.196358075,2.538799418,-2.542901769,29.81229238,-2.874949838,0.743710321,-0.475632284,2.498108231,1.526037969,-2.044253233,-1.317190418,-4.295867966,-1.697217067,1.523545068,1.951633883,1.796615464,0.992629768,-0.269654397,0.088266628,-0.42001146,0.389862552,-0.137728682,-0.789104985,0.884450317,0.009110749,0
capecitabine,-1.580830352,-1.000948912,0.153338976,-0.122732757,-0.188878484,0.059335275,0.175837506,0.061237032,-0.097457186,0.026955285,-0.5478438,-0.472499875,-0.413179177,-0.886718192,-0.352230516,-0.684997374,1.051494802,-0.68046666,0.633670104,0.482440231,-0.693804124,0.388074632,0.098232267,0.776401435,0.226240966,-0.317358491,-0.219376467,0.010288537,-0.656980717,1.888000893,0
captopril,-1.531654297,-0.903049485,0.190830492,-0.381784712,-0.398884388,0.215518184,0.09774325,-0.282740996,-0.093846598,-0.163756458,-0.430190714,-0.324876049,-0.395285685,-0.379284373,-0.321340305,-0.064353534,0.464025136,-0.603021391,0.476270652,0.131254259,-0.13173522,-0.021050992,-0.339947412,-0.016626961,0.311245248,0.042973226,-0.159504527,0.376761495,0.129526368,0.377756629,0
carbamazepine,-0.608257686,-0.487815573,1.111864057,0.407121723,0.335374241,-1.534064401,-1.4090099,2.286131837,3.736018226,-0.820068133,-0.426656886,-0.488110563,0.564047898,0.174863195,-1.007737395,-0.105895499,0.82829973,0.686805088,-0.711646132,-1.361232228,-2.205274521,-0.241665516,0.967394399,1.289353457,1.178145243,-0.104728291,1.032243088,-2.569301346,-3.022925161,0.528760116,1
carbidopa,-1.547013598,-0.913375264,0.186552943,-0.30638549,-0.255865283,0.20796783,0.019807862,-0.3493433,-0.072108115,-0.177949588,-0.495110624,-0.283775152,-0.375688731,-0.228777275,-0.00770841,-0.168491631,0.600038369,-0.457642749,0.474695836,0.317956036,-0.127627715,-0.23038428,0.098826149,0.413758106,0.230528259,0.470124912,0.285721733,0.306348292,0.044226105,0.105922483,0
carboplatin,-1.529511736,-0.806502966,0.109070034,-0.373474301,-0.317537804,0.182518218,-0.072230856,-0.145706609,-0.006224617,-0.097204292,-0.25706297,-0.426035055,-0.401572727,-0.261566484,0.124966802,-0.432162688,0.214253757,0.026765026,0.55094219,0.449612502,-0.011958098,0.149589269,-0.054569449,-0.267585375,-0.018465094,-0.343648758,0.241401417,-0.142931049,-0.381494408,0.266632949,0
carisoprodol,-1.500536279,-0.911215619,0.12685363,-0.385981524,-0.354963049,0.17876649,0.008542776,-0.133977282,-0.056079176,0.053115128,-0.375294846,-0.429948889,-0.253439607,-0.546308093,-0.175594907,-0.290104558,0.264030956,-0.254414364,0.302273815,0.440917839,-0.291203046,0.243017357,-0.004074192,-0.013543123,0.354636591,-0.254730259,0.218143868,-0.050570266,-0.235492183,0.64464616,0
cefazolin,-1.590219331,-0.865924702,0.137056791,-0.181834626,-0.237889134,0.084293185,0.045301405,0.029565913,-0.061130957,-0.093913002,-0.386437091,-0.433344469,-0.489674229,-0.485363253,-0.065321035,-0.617669284,0.765267936,-0.348552292,0.779211482,0.383811056,-0.278925299,0.251408844,-0.007416315,0.257346914,-0.204012286,-0.354910616,-0.239989085,-0.083292851,-0.59084414,1.031242536,0
celecoxib,1.615146024,1.612084199,-0.40180654,0.18425125,1.170528474,0.277232242,-2.018071946,2.658151456,-1.13293494,0.124621546,1.69612522,-0.882851857,2.919992713,-3.316834765,0.872550091,-6.005375342,-4.092078131,13.11342648,10.94962817,-5.896660529,1.187870477,-0.647114395,-4.617168037,-1.860303537,1.329203288,1.183152552,0.817240451,-0.138537509,0.530336474,-1.245991206,0
cephalexin,-1.538238633,-0.827884622,0.10791162,-0.33165872,-0.261450091,0.172027339,-0.011595439,-0.087457927,-0.010823552,-0.119382399,-0.300480597,-0.445474969,-0.375089347,-0.377263533,0.123790392,-0.580992712,0.377481642,0.035331454,0.637684664,0.527367277,-0.164176743,0.239279519,0.07699986,-0.007695203,-0.019316208,-0.430641178,0.265736735,-0.238976119,-0.596966488,0.677727907,0
chlorambucil,1.533324141,-0.474275727,-0.118139213,1.069427191,-0.090474904,1.402123745,-0.073161439,-1.122144536,-0.260615987,0.09036097,-2.849190414,2.049733492,2.040692251,-2.847591758,0.384146182,-0.791659073,-1.723204806,0.688728655,-0.044186981,0.821562934,-1.964728862,0.975767813,-0.194236833,1.913016152,4.948444048,-2.461629432,-0.131099838,0.461832211,-1.214308916,0.792269826,0
chloramphenicol,-1.440601527,-0.912658767,-0.005337842,-0.099592631,-0.137147332,0.048794192,-0.039828512,-0.167171949,-0.191199842,-0.06727551,-0.569251292,-0.406817236,0.018397401,-0.53805724,-0.104214693,-0.689693516,0.88450658,0.28344195,0.659963294,0.32435903,-0.478484779,0.530031748,0.748945469,0.507159837,0.245252443,-0.011040175,0.415343857,-0.056900776,-0.732671474,1.020507814,0
chlorpropamide,-1.445073319,-0.878736429,0.04900107,-0.148964704,-0.308191627,0.053727454,-0.055542404,-0.164240586,-0.248431155,-0.071658018,-0.576718597,-0.285957574,0.082170987,-0.321700625,-0.290405102,-0.257874112,0.796096584,0.04581383,0.643471992,-0.043464731,-0.281660674,0.350480977,0.534603273,0.242882624,0.019712742,0.268091043,-0.114583315,0.177096238,-0.226545585,0.282174234,0
cimetidine,-1.505201039,-0.904999876,0.136979653,-0.404886694,-0.334650167,0.2182864,0.03200861,-0.275611112,-0.043685752,-0.072830964,-0.370216391,-0.413010939,-0.367051509,-0.468435814,-0.150229419,-0.268452009,0.284329997,-0.305252344,0.351428556,0.400818361,-0.187962241,0.116808185,-0.167102428,-0.066758743,0.460366753,-0.169479895,0.296147488,0.129033138,-0.136014541,0.55866274,0
cinchophen,-1.4797795,-0.906834446,0.070024476,-0.370972095,-0.382461065,0.243740941,0.226750976,0.029054821,-0.315820284,-0.186480135,-0.29975731,-0.172621533,0.213250757,-0.598638834,-0.143529908,-0.089043711,0.471827145,-0.354534008,0.262810345,0.327292015,-0.326939533,0.333884765,0.198652183,-0.052303956,-0.361034073,-0.344868637,-0.086778847,-0.028642782,-0.084444669,0.038140924,1
cladribine,1.091983247,-0.296274187,-0.398900792,-0.963707229,0.054138173,-0.420965694,-0.094952934,-0.678779519,-0.206102285,-0.077679677,-0.784766585,1.723123598,-6.702347887,3.012297846,-2.273073496,-2.191988899,-1.588245286,2.908012497,-3.573192378,1.673387634,2.940752081,-2.746941265,1.967589481,-0.063712151,7.576646861,-4.306887166,0.629902694,3.823505581,8.800671682,0.975614777,0
clofibrate,4.789039735,-4.498704415,2.233646856,8.938624792,-0.366548407,-14.16978338,-14.53593821,25.78171543,0.816546151,-4.754829733,-3.198473166,-1.562113766,-1.176806824,-0.48074969,-1.8928887,1.552311351,-0.388605317,-1.489950267,-0.57941128,0.316711512,0.348252567,0.223798304,0.089366042,0.070622178,-0.063376475,0.558386567,-0.386824326,0.490395509,0.764245999,-0.111889511,0
clotrimazole,0.523287658,3.489155659,-2.983445297,-6.379001457,-0.842955757,-9.011874661,1.74901198,-2.186922971,-5.46347671,-0.538083477,-6.182903786,-3.049349616,13.94330364,15.01544104,-5.1003371,-3.111557462,1.355950603,-2.063298049,-0.120952593,-4.642509427,1.482230153,5.425044271,-0.072034564,-0.208365299,1.879398769,-1.403881626,-1.261270929,0.481389306,0.412671451,1.203894391,0
codeine,-1.472648993,-0.793650784,0.055796357,-0.277906728,-0.255472707,0.081835951,-0.12898997,0.041657131,0.124621609,0.167947326,-0.029961596,-0.479251132,-0.408906877,-0.11949572,0.272769239,-0.259682468,-0.019046945,-0.026840308,0.201509239,0.374836191,-0.008645389,-0.050364057,0.046462523,-0.088288036,-0.079934954,-0.186172638,0.17863752,-0.247104877,-0.13915238,0.168967075,0
colchicine,5.453986939,3.429916728,-2.669268737,2.277040022,-0.188444803,4.004848514,-1.939488896,-1.000817087,0.674282239,0.990553181,-6.762191079,10.44004721,-12.86142532,8.856541944,-12.57336582,-2.706331518,0.634353741,5.016016784,0.153764956,0.522008918,-2.844018849,0.959226562,-0.52884673,2.014770189,-3.758022748,0.36347847,-0.990435129,-1.16953199,-1.752131342,-2.55686187,0
cyproheptadine,-1.085762124,-0.578461049,-0.047411343,-0.777727055,-0.299094467,0.034989991,0.10168847,-0.274615493,-0.24355318,-0.184317466,0.640384806,-0.413262327,-0.781152219,-0.453114417,-0.272226678,1.065344229,-0.369784071,-0.831561917,-1.02846938,-1.59414889,0.089044937,-0.358166393,-1.129312737,-0.509663916,-0.260390145,-0.261218855,-0.803366793,-0.388218479,0.462626739,-0.070101312,0
danazol,-0.622780856,0.974130652,-0.448485971,-0.786627392,-0.448707087,-1.343598871,0.447575468,-1.032900158,-0.892978713,-0.29738993,-1.323417347,-0.253050435,0.301255911,0.642534521,-0.666026423,-1.515462983,0.208776738,-0.91650362,-2.055698798,-0.629151216,0.821027016,1.277676767,-1.663895288,2.610108546,-2.366053798,5.538662966,13.35365482,0.291476685,4.014401798,0.159673186,1
dapsone,1.555051919,-0.486288381,0.661700406,-2.416523223,0.502388416,-2.144627765,1.255284472,-1.134291006,-2.152339131,-0.097209816,-2.200561634,-1.281620433,3.226616486,1.280342819,-1.054030572,0.135922751,0.018252688,0.04556367,4.429784244,3.418836539,-2.583721319,-7.14696249,-1.136699404,-3.816305594,-4.449326868,5.003040505,-4.698287838,1.097039322,6.442214627,3.579582938,0
dasatinib,-1.157710123,-0.697580032,-0.22037282,-0.193818553,-0.386196103,0.232239732,0.014959831,-0.181970717,-0.228076665,-0.234048539,0.405331237,-0.355682691,-0.475689513,-0.155722698,-0.248656439,0.521769232,-0.712158991,-0.386579267,-0.499462068,-0.583306273,0.173322216,0.11379631,-0.424518092,-0.444378627,-0.186157089,0.183854617,0.26621476,-0.525041655,-0.152210835,0.171888108,0
daunorubicin,-1.078627834,-0.283421468,-0.103504241,-0.712810467,-0.270011221,0.374547359,-0.086587386,-0.37814353,-0.224083681,-0.334940637,1.582051145,0.241513848,-1.026589304,0.103842207,-0.160112156,0.509063745,-1.80593549,-0.732993052,-1.194983235,-1.562139863,1.347455323,-0.095713033,-0.529388069,-0.709114536,-0.977162919,0.160215104,-0.97222762,-0.350665823,0.169393427,0.110133631,0
dexamethasone,-1.492335032,-0.837321599,-0.034384677,-0.483035928,-0.073632181,0.127718603,0.058173357,-0.467115893,-0.317261642,-0.382015737,-0.019836563,-0.497595131,-0.445834702,-0.358076565,0.140659004,0.530668767,-0.43645155,-0.380703062,-0.069221339,-0.480478244,0.320898277,-0.071369718,-0.411934541,-0.019994179,-0.307910282,-0.303089507,0.312922358,-0.259872107,0.368337146,-0.485332954,0
diflunisal,-1.374292106,-0.790966356,0.025065261,-0.417642838,-0.528303542,-0.084386663,-0.388391148,0.53520021,0.05686835,0.676741996,0.318093944,-0.203574178,0.201841198,-0.468214167,0.223895359,-0.863077779,0.063718925,0.357802256,-0.284654325,0.899961119,-0.359828698,0.366705796,0.475271246,-0.1426725,-0.808815847,-0.346605697,-0.357485305,-0.550597003,-0.924588174,0.484365207,1
digoxin,-0.764712956,-1.028772458,-0.024208697,-0.715404521,-0.36670882,0.268306936,0.391982407,-0.430060598,-0.410563078,-0.500079383,1.090576432,0.159943448,-0.412391487,-0.507673666,-0.400131462,0.416624903,-1.262695274,-1.151098299,-0.834119832,-1.039247044,0.795238522,0.448527401,-1.005768468,-1.079300815,-1.397568614,-0.53104667,-0.698434563,2.976931757,-0.764827847,-1.258257113,0
dipyridamole,-0.695839383,-0.451347729,-0.517451508,-0.862732085,-0.540651116,-0.100630141,0.058536328,0.211042986,-0.343241517,-0.141004691,3.530354434,1.20590548,-0.123597551,0.252549253,-0.405460502,1.453956526,0.0156607,-1.414129447,-0.133868086,-0.106620732,-0.920545682,-0.534214785,-2.99424556,0.411669813,0.40316963,-1.591961619,0.707586547,-0.821362322,-0.277616675,-0.798157951,0
disulfiram,74.27628141,-24.38331781,8.909751117,-4.481963169,0.282911976,-1.402120998,1.670770367,-2.634432048,0.015819088,0.084448739,1.717874633,-0.646364438,-0.043806843,-0.187975412,0.139572459,-0.256823923,0.178328271,-0.374049518,-0.053318147,-0.07351958,-0.551602821,0.270881796,-0.082431279,0.000952423,-0.134469296,-0.114305582,0.384896393,-0.27781476,-0.215916576,-0.221622533,1
docetaxel,-1.329118514,-0.657198942,0.021312727,-0.427834602,-0.358532304,0.356907161,0.245116496,-0.420497923,-0.433904803,-0.503668821,0.384434298,-0.309009799,-0.800383898,-0.230793842,-0.557134611,0.85011697,-1.078155136,-0.964300842,-0.426459379,-1.225059023,0.741515114,0.128979704,-0.946232403,-0.734001853,0.02247515,-0.320587981,-0.567520477,0.001099489,0.678652769,0.155327866,0
dopamine,-1.537241985,-0.822268193,0.153905195,-0.389788128,-0.283892665,0.228589017,-0.027553986,-0.234323459,0.08108626,-0.202651116,-0.309364316,-0.4021989,-0.422808668,-0.187742744,0.215208072,-0.585928136,0.482440848,0.049482667,0.712377429,0.607076465,-0.079905335,-0.049191218,-0.035702527,-0.031677592,0.205208841,-0.132727461,0.37939606,0.06100848,-0.422736478,0.447043321,0
efavirenz,-0.628623233,-0.089109262,-0.343744911,-0.469767731,-0.640827771,0.57302939,-0.073427686,0.23901793,-0.090410751,0.004602656,2.276329528,0.644621371,-0.577271003,0.213938962,-0.450618804,0.284023404,-2.000054792,-0.593293294,-1.890005917,-1.325299186,0.981054742,0.252046088,0.062497164,-1.165009036,-1.10877819,0.635526823,-1.079885512,-0.762411718,-0.532234244,0.785364126,1
emtricitabine,-1.544962395,-0.912616735,0.180219019,-0.302788375,-0.262976936,0.197694916,0.014309587,-0.314432672,-0.084905597,-0.148355141,-0.491639353,-0.288261912,-0.348577092,-0.251743086,-0.022354318,-0.155090993,0.567744205,-0.448014264,0.451535684,0.306993494,-0.141418249,-0.184180257,0.130409031,0.403862757,0.186606283,0.429490046,0.258770806,0.247823653,0.027216602,0.106789176,0
entacapone,-1.143448484,-0.582782459,-0.026814389,-0.676250623,-0.369053573,0.082351393,0.168452214,-0.188497499,-0.05840485,-0.254935383,0.914925136,0.027901271,-0.805594799,-0.036500142,-0.247020072,0.354372814,-0.551598143,-0.819215782,0.264700852,-0.556900134,0.441414789,-0.066812542,-0.884297452,-0.157355207,-0.264725537,-0.312301807,-0.467181741,-0.08124308,-0.214655433,0.336615658,0
ergocalciferol,-1.475585341,-0.822872528,0.115196878,-0.480225802,-0.446930699,0.257620186,0.083057475,-0.179279525,-0.350974436,-0.188879992,-0.403425517,-0.207743099,0.082630229,-0.284420206,-0.241683125,0.505604057,-0.297407958,-0.223953922,0.184194498,-0.24322774,0.033216559,0.276339392,0.288635653,-0.070849042,-0.392165653,-0.076840031,0.048944641,-0.430964295,0.191512579,-0.647651305,0
erlotinib,-1.162161948,-0.238315684,-0.350178261,-0.832240594,-0.16463898,0.170851876,-0.116162261,-0.351512219,-0.184790708,-0.292371728,1.132317396,-0.24509089,-0.867191278,-0.171896056,0.320053761,0.374710569,-0.896102285,-0.275916205,-0.2788816,-0.497086859,0.555825663,0.183450317,0.9085101,-0.338860926,-0.061355396,0.719159729,0.088164932,-0.971368654,0.290510686,-0.663315189,1
erythromycin,-0.581301651,-1.354493062,0.069150602,-0.932964768,-0.356454262,-0.257910994,0.237354861,-0.37308956,-0.59711588,-0.30526403,0.183385225,-0.348811403,0.090411996,0.057792426,0.368128385,-0.362853692,0.335039209,-0.477168481,0.688524702,0.364706715,-0.899042211,1.625768293,0.550098621,-0.613003232,-0.105827463,-1.359448998,0.273653922,-0.903367998,-0.095854454,-0.479683395,1
estramustine,-1.407622497,-0.807202742,0.004529928,-0.410830795,-0.217438628,0.239925572,0.097313728,-0.252986108,-0.215556364,-0.177421079,-0.126499386,-0.33324688,-0.137545636,-0.21495188,0.077509415,0.473860729,-0.650678956,-0.107825435,-0.13853489,-0.195486607,0.119027624,0.130340948,0.278611551,0.096318023,-0.178026871,-0.174659671,0.607319601,-0.574957495,0.189302317,-0.401171311,1
estrone,-0.965667075,-0.540768407,-0.23071769,0.036219745,-0.013730603,-0.012205488,0.920687573,-0.450300169,-0.483314906,-0.370680588,-0.378037483,-0.993464187,0.216426814,0.543122182,-0.117427699,2.436141585,-2.827939714,0.668742356,-0.2309048,1.032567389,-1.084935393,-2.456149519,1.888588854,0.867739361,0.471515138,0.84604419,1.761937496,-0.247848009,-1.202792125,-0.792521161,0
ethacrynic acid,-0.241826852,0.240045642,-0.67680711,-0.779236239,-0.614374089,0.403264349,-0.784975075,0.646574402,-0.045797712,-0.024969257,4.397024654,0.914556535,-0.630011656,0.764176083,-0.129972066,0.243045546,-2.284377245,0.19586983,-1.657968281,-1.706875515,2.007785506,-0.333534195,-0.223385041,-0.945724419,-1.586664886,0.309856147,-0.426471216,-0.395872839,-1.047229212,0.715657988,0
etodolac,-1.511531477,-0.790234374,0.11409674,-0.431406384,-0.365190431,0.21258201,-0.044480908,-0.111761147,-0.031939879,-0.117355651,-0.25963093,-0.393038604,-0.250976626,-0.240831446,0.108172925,-0.327925459,0.102501755,0.123119001,0.541244201,0.396339726,-0.024433957,0.196680863,0.049323033,-0.273443039,-0.088221269,-0.379639093,0.230645142,-0.269224243,-0.370224427,0.140416545,1
etoposide,-0.053681851,-0.284161967,-0.372763602,-1.050587642,-0.178596909,0.296250294,-0.264262222,-0.59051772,-0.192908033,-0.355811624,3.10024544,0.279456747,-1.289325056,0.311678227,-0.346779901,0.240608679,-2.347620794,-0.321278609,-0.442162846,-2.464108063,1.92077094,0.405416455,-0.225739792,-1.360351847,-0.729153336,0.765839855,-0.415905694,2.673035747,-1.576225163,-0.860255133,0
exemestane,-1.319050723,-0.816329303,-0.065284512,-0.455166218,-0.31098682,0.315774868,0.151578386,-0.293918609,-0.232233237,-0.353429013,-0.055682744,-0.600366012,-0.176037691,-0.309667288,0.054803277,0.423938528,-0.451453764,-0.262425575,-0.23155285,-0.28110318,0.022760797,0.095483601,-0.074780565,-0.022154195,-0.022556866,0.231281968,0.208291724,-0.362203904,0.23318121,-0.219189297,1
famotidine,-1.536694016,-0.897884233,0.172934829,-0.368635576,-0.372751886,0.219369592,0.115919239,-0.346485633,-0.134155224,-0.230102737,-0.411824449,-0.333526406,-0.493976721,-0.396528533,-0.349691982,-0.019540331,0.398685952,-0.670439758,0.462958084,0.034154179,-0.05163475,0.007555336,-0.464988689,-0.103779603,0.285405328,-0.032460224,-0.155275646,0.400870404,0.163392011,0.361555785,0
felbamate,-1.493258572,-0.638482406,0.173315545,-0.190089357,0.101473415,0.309293052,-0.250229011,-0.180565871,-0.067073376,-0.047493896,-0.718656195,-0.679770846,-0.488582598,-0.417891748,-0.098339927,-0.580057849,2.625561835,0.463970787,0.69435546,0.575228526,-1.079422075,-0.393319195,0.68963266,1.649614224,-0.259802946,-0.993899861,0.966707297,0.293051616,-1.818430938,2.754857306,1
fenofibrate,10.7638052,7.128943133,-3.900958429,6.605073098,-2.662247253,4.823520306,-1.645133875,-0.01217974,2.34875613,4.312893052,-9.214025957,19.43528279,6.563106898,-4.682666022,0.146688909,4.854223224,0.299901468,-4.071881527,2.632578844,-1.957305072,0.809551415,0.731963897,0.475118682,-5.697132843,1.344057821,0.650795367,1.747468386,0.489652814,0.476756583,1.358965046,0
finasteride,-1.446195577,-0.519837256,-0.121476362,-0.928495022,-0.414886834,-0.582734648,0.334722702,-0.428761593,-0.756043987,-0.353561194,-1.086710743,-0.697105509,0.765011932,0.409276325,-0.599104561,0.72599821,-0.16100377,-0.238962335,0.897644253,0.34417506,-0.610071354,-0.860770451,-0.030469013,-0.242110044,-0.570758237,0.065166775,-0.562200552,0.319086698,0.534426735,0.451096597,0
fluconazole,-1.141931759,-1.084725745,0.241351504,-0.243215802,-0.540900581,0.305137468,0.021821314,-0.336375635,-0.131177054,0.951382418,-0.617220463,0.200735233,-0.145198877,-0.250772434,0.173362732,0.550610058,1.391376719,-1.188418773,0.705672307,-0.415775606,2.550322076,-1.366321654,-0.379908265,-0.426426395,1.419888106,1.557543815,-0.641943518,0.146521566,-0.99226287,0.477780416,1
fludrocortisone,-1.525972166,-0.848417136,0.014218654,-0.424806881,-0.106632009,0.106023267,0.137698107,-0.436481887,-0.369118265,-0.456918885,-0.095635094,-0.429093443,-0.485236752,-0.336199713,-0.03466217,0.651505827,-0.176433079,-0.693715572,0.080544143,-0.707289011,0.306886313,-0.157356604,-0.536324292,0.135548274,-0.464278096,-0.139864384,-0.146141108,-0.053600583,0.530195685,-0.460221921,0
flurbiprofen,-1.359112821,-0.813730125,0.070314989,-0.532813793,-0.465354668,0.149233293,-0.034197164,-0.070237599,-0.243739354,-0.030917768,0.132449722,0.053963611,0.164704243,-0.323910634,-0.033096919,-0.063685118,-0.100775183,-0.141394618,-0.296923721,0.132297074,-0.061186768,0.058458125,0.237142461,0.194529139,-0.699384654,0.161555096,-0.156220163,-0.146505838,-0.226933279,-0.169441,0
flutamide,-1.143681226,-0.882109176,0.593829237,-0.393164991,0.177029322,0.168335071,0.7854501,0.071443852,-0.479644411,-0.192824905,-0.239310801,-0.567800312,0.067914221,-0.404439073,0.085265204,-0.278760133,-0.321715366,0.570025842,1.238767213,-0.05059332,-0.266008447,-0.614451788,-0.551586067,-0.334514035,-0.209637476,0.271626174,0.220115056,-0.124720246,0.883379142,0.171058191,1
fluvastatin,-0.955382317,-0.260610247,-0.42568532,-0.658420417,-0.510938135,0.291156993,0.255228516,-0.111119765,-0.176012319,-0.537838504,-0.43831307,-1.072521413,0.159040206,-0.846897429,0.065171846,0.798036254,1.108724103,0.003063966,-1.334637172,-1.107440241,-1.240179086,-0.537092403,-1.554490569,-0.530602863,-0.45803186,-0.910013568,-0.220128781,-0.484371751,0.127650594,-1.359603664,0
folic acid,-1.41827214,-0.181805523,0.65473732,-0.086285962,0.198393574,0.391555278,-0.04020242,-0.50414665,0.87128954,-0.379560353,-0.92159498,0.170879761,-0.252469033,-0.210817725,-0.229227268,0.380939845,2.157705981,-0.251477388,0.477086855,-0.82900556,-0.727552245,-0.793462893,-0.452466627,0.055517282,-0.051512559,-0.47581115,0.243184609,0.544625414,-0.0046365,0.642322715,0
gefitinib,-1.499453661,-0.756113675,0.081987705,-0.480619456,-0.370926009,0.263096025,0.027624979,-0.225052418,-0.151724609,-0.296703378,-0.218468437,-0.367363677,-0.289039797,-0.237384108,0.0260769,-0.08367475,-0.194308245,0.091275286,0.496128361,0.105681114,0.156345592,0.302099205,-0.118109754,-0.497796389,-0.224177172,-0.577229917,0.230300389,-0.353643221,-0.255970551,-0.093961119,1
gemfibrozil,-0.52396991,-0.359006621,-0.587073781,0.058076913,-0.634972584,0.251213752,-0.940264687,1.306656863,-0.096984432,0.621126792,0.977191156,1.663167039,2.103147247,-0.069403185,0.655518941,-1.326689984,0.2875937,0.451627877,-1.215337245,0.904413439,-1.070065025,1.917755444,3.381545394,-0.81646626,-0.728569935,0.913948888,-0.097416676,-0.294850929,-0.536646185,0.621673638,1
glimepiride,-1.46618068,-0.861060161,0.027607882,-0.426879407,-0.408183142,0.288832223,0.261274851,-0.119249892,-0.450000176,-0.350142315,-0.225135117,-0.147893658,0.120068758,-0.554448001,-0.241355356,0.244655815,0.058309778,-0.42291766,0.150332796,-0.037212035,-0.041216082,0.421648945,-0.079991211,-0.457984268,-0.523251593,-0.53954815,-0.116966081,-0.069930441,0.148469011,-0.410931892,0
griseofulvin,5.138293378,3.36366395,-2.57817697,4.867039437,0.077815373,3.130699946,1.646715392,-1.475243405,-0.376908093,-0.938925265,-2.297484276,0.200613353,-0.255372588,-1.080561466,0.178743621,-0.031241257,-4.367694733,-0.374416214,-4.459674161,-3.718599323,-2.094711306,1.694606767,0.153841864,5.468082585,5.774999875,10.41056265,-4.669350712,0.095401606,0.997886713,0.343641348,1
haloperidol,-0.138483577,1.342380374,6.065328621,-0.830372964,-0.492072309,0.410366377,0.369053249,-0.921580538,0.100942372,-0.462567033,-0.608883812,-1.791026789,0.693983012,0.944792593,0.834235749,11.488014,2.503317408,9.038413217,-1.376869244,8.551172379,3.560180444,10.02640237,-4.875743202,-0.714537295,0.507528474,2.022938842,-1.171162701,0.598323478,0.582717172,0.586648301,0
hydrochlorothiazide,-0.638193684,0.4996585,-0.230387567,-0.120433664,-0.583234863,0.35883719,-0.585857512,0.132773855,-0.268691971,0.104458549,1.467747757,0.898910363,0.825310286,-0.042450981,0.068207567,-1.566661565,0.026016281,1.19909171,-1.07129948,0.226997807,0.30484235,0.174910506,0.85167087,-0.29029056,-1.263829606,1.438686167,3.111170926,0.485461121,-0.322188386,0.493553061,0
hydrocortisone,-1.460624719,-0.76778257,0.019525608,-0.465921975,-0.156162688,0.168535874,0.117787786,-0.455868174,-0.258247467,-0.342003985,0.092983886,-0.339373004,-0.704693838,-0.320290317,-0.239918463,0.657135518,-0.409142581,-0.888970369,-0.067208409,-0.866898669,0.427647811,-0.106758509,-0.631568334,-0.092989709,-0.274768639,-0.103758554,-0.350628998,0.020330954,0.586900773,-0.170841615,0
hydroxyurea,-1.479662144,-0.527185825,-0.245040328,-0.333504145,0.138738108,-0.25628063,-0.589895645,0.112323429,-0.22055235,0.555090526,-0.394191417,-1.034420727,-0.164653954,-0.943037997,0.141876221,-1.854673106,3.836853061,-1.086483524,2.109381267,4.156576849,-1.451927585,-1.455962764,1.616740505,0.299753037,1.650879226,3.089934413,-1.569495449,-0.41006549,0.35088468,1.004209509,1
hydroxyzine,-1.291567953,-0.742917364,-0.028145496,-0.423686472,-0.371969257,0.35562153,0.223128091,-0.327096751,-0.20856174,-0.358607266,0.073798675,-0.451990125,-0.515814623,-0.293029602,-0.352485686,0.586628409,-0.482448142,-0.828217109,-0.247129144,-0.748438208,0.192646713,0.093989273,-0.393630087,-0.170072738,-0.01945613,0.359625749,-0.459144058,-0.072324208,0.475061346,0.087257815,0
ibufenac,-1.472117382,-0.963337548,0.033045133,-0.277273647,-0.314476999,0.11490094,0.016556227,0.319984176,-0.132543333,0.295974359,-0.281297204,-0.334144933,0.320639456,-0.794841924,0.094132145,-0.639982064,0.640978061,-0.028055766,0.107618098,0.995036964,-0.685166652,0.480199915,0.675372793,0.169423711,-0.157924495,-0.417175314,0.263752488,-0.319097469,-0.579259775,0.610901108,1
ibuprofen,2.672063608,1.118398873,-1.895200397,3.094320368,-0.927101742,1.640581383,-0.878146904,0.46133697,0.041678523,0.762662422,-2.236901591,5.80983886,6.766408781,-5.003133482,2.300274531,-4.338240214,-2.647265812,3.421559064,-5.367175535,3.322536704,-0.930689001,0.727991942,0.730532178,3.173497734,-1.302089518,-2.077360386,-2.742558789,1.013831937,0.346992215,0.049285236,0
ifosfamide,-0.736200517,-0.903160173,-0.165951267,0.469332702,-0.234895884,0.932692939,-0.323181811,-0.010553695,0.036725895,0.230412217,-0.811633763,-0.539321815,1.050794064,-0.921519644,0.306271948,-2.010626982,0.021909817,0.798260834,-1.313727214,1.231540076,-0.878245628,0.683163226,1.378138273,2.555067232,0.931269898,0.901702907,-0.574459912,0.123509914,-0.327098595,0.714429074,0
indomethacin,1.430183006,1.820875469,-0.724630405,1.867366342,-1.257806001,0.062376248,-0.532327103,0.994596628,-0.913337403,-0.606154046,-0.891787658,3.263423487,6.849911415,-0.128006815,3.515918842,-6.54254213,-0.410236542,3.122334267,-8.218122808,4.312079732,1.285246721,-2.487745075,-3.753536032,-0.144101355,-5.079962473,-1.473912817,0.861217784,1.018109918,1.712894141,-2.216854997,1
irbesartan,-1.450011465,-0.851048155,0.027673018,-0.462706347,-0.459024215,0.29084821,0.260534207,-0.02632162,-0.469202712,-0.29312339,-0.225654406,-0.130307576,0.285183638,-0.564760724,-0.262243881,0.316047345,-0.038947964,-0.32695474,0.110985849,-0.052431208,-0.091741532,0.503760167,0.069243709,-0.45595742,-0.620729506,-0.589720147,-0.165786968,-0.236130157,0.126761102,-0.496836174,0
isoniazid,-0.130797384,-0.858503553,-0.267077161,-0.13081477,1.218257524,-0.351855518,-1.689349431,-0.702733258,-0.661569625,1.547212888,-2.197237593,-0.162954799,1.24903471,3.465827246,1.32985177,-3.761431162,4.431433524,-0.769031383,-1.177573193,4.94446681,7.593183758,-5.751974124,-1.671295929,-2.558724595,4.427070567,5.136726421,0.125408456,-4.026689947,-5.383712081,-5.82904808,1
itraconazole,-1.509110124,-0.719698064,0.069258995,-0.475138912,-0.451013564,0.26250474,0.155088924,-0.20353606,-0.390211606,-0.459145113,-0.222873058,-0.28192566,-0.273652803,-0.273373651,-0.300266061,0.405440853,-0.440088236,-0.222946026,0.484217814,-0.517451005,0.33318965,0.495878167,-0.343752312,-0.699725405,-0.707713045,-0.779320994,-0.339304704,-0.449534792,0.02157129,-0.431175023,1
ketoconazole,25.53393224,35.85078066,-21.5786002,-12.25944097,0.283842984,-14.46720047,2.112561309,-0.956144727,-2.735263586,0.623249484,-1.04885375,-1.023368135,-4.455593655,-5.604964367,1.377899131,0.599156267,1.10092184,-0.244205382,-0.286309261,0.679717399,0.248100366,-0.518066057,-1.344769514,1.204949009,-1.02846457,-0.212315422,-0.385934132,-0.123738785,-1.027946074,0.31016256,1
lansoprazole,-0.852930096,-0.448817053,-0.368941795,-1.018413519,-0.303444896,-0.572213187,0.054649052,-0.513458795,-0.396960683,-0.244616847,0.186242508,-0.182118781,-0.777828745,-0.676258092,-0.041502993,-0.65597041,0.879889053,0.783977146,0.473698918,0.703267447,-0.056453631,0.590709282,2.374984713,-0.660421113,1.975414527,-0.233420964,0.702455757,0.473573561,1.181482836,-0.403196698,0
leflunomide,1.757492784,5.13314427,-3.683218757,-2.18921442,-2.283273653,1.46691153,-2.18005959,3.742448935,-0.731427345,0.557158015,19.2236839,9.439305567,3.640606778,5.01028169,-1.382495923,2.046781917,1.643869822,-3.263375459,4.40550099,3.706568138,-2.466125051,-1.208078502,-3.748882592,4.878877924,3.666018403,-0.703740208,0.441794242,0.024842906,1.536990646,-1.248920904,1
letrozole,-1.416340402,-0.870676454,0.049674372,-0.427496573,-0.444324916,0.292957563,0.138758317,-0.227411984,-0.311847337,-0.349978901,-0.368857646,-0.52495078,-0.119004948,-0.461456229,-0.221229184,0.189291385,0.210243038,-0.481301006,0.185507096,-0.159596212,-0.170608862,0.19460325,-0.087938716,0.035781041,-0.101887922,0.377853686,-0.300511907,-0.081633389,0.073723432,-0.014557954,0
levothyroxine,-1.439110969,-0.763906325,0.080586851,-0.468017479,-0.46876295,0.306169101,0.176508872,-0.297269099,-0.604552254,-0.509354785,-0.03409876,-0.366459486,-0.322905912,-0.411391725,-0.48145445,0.610108262,-0.594974358,-0.579130217,-0.060758824,-0.776935044,0.431128681,0.341857268,-0.625124579,-0.654394481,-0.19884091,-0.431824115,-0.459526619,-0.160736095,0.320365228,-0.1218759,0
lomustine,-1.482349651,-0.876446121,0.130924809,-0.475349611,-0.406880162,0.245283654,0.035075558,-0.251558629,-0.093318568,-0.076316186,-0.344861218,-0.377414928,-0.227156679,-0.424767244,-0.190260938,-0.069456319,0.046251663,-0.220795079,0.277508781,0.270924426,-0.123525723,0.180960242,-0.124513161,-0.221703244,0.337592999,-0.232597882,0.249546266,-0.009964388,-0.037756601,0.247083249,0
loratadine,-1.491340976,-0.840769927,0.126872349,-0.44153588,-0.402919874,0.247527654,0.071957608,-0.225582692,-0.299600761,-0.196680501,-0.418864677,-0.225232015,-0.030691759,-0.275318123,-0.197869091,0.373352348,-0.122643569,-0.284855975,0.241187859,-0.143133859,0.014488358,0.175275019,0.226549606,0.012864394,-0.266998827,0.024801785,0.098300523,-0.272432847,0.168060138,-0.495903833,0
lovastatin,-0.826440965,-0.695156013,-0.199181421,0.072739115,-0.53677391,0.608576015,-0.287853834,0.307612583,-0.143775284,0.327664549,-1.18109115,-0.187893008,0.882943012,-1.192540037,0.207624213,0.266412718,-0.700342042,0.844587716,1.263899641,-0.776134145,0.13575492,0.303579329,-0.481822612,-0.037842285,1.257022263,-0.61247472,0.356691615,-0.231977791,0.154951084,-0.880737033,0
lumiracoxib,-1.435898284,-0.874522507,0.016036202,-0.470881713,-0.388543055,0.286264536,0.133964547,-0.049627727,-0.290320114,-0.139023486,-0.192086213,-0.219784105,0.255547644,-0.554934924,0.012728768,-0.063595696,0.045041527,-0.036979004,0.055012136,0.444618453,-0.196550908,0.402097734,0.235863502,-0.394931043,-0.244363723,-0.508703631,0.356900955,-0.221916743,-0.10614606,-0.275510898,1
mebendazole,-1.390972648,-0.740189171,0.176002631,-0.477157218,-0.505708034,0.345863525,0.091096992,-0.216899723,-0.245760951,-0.221794312,0.04878383,-0.279205559,-0.445400227,-0.314028264,-0.489587447,0.171028901,-0.206182444,-0.668182333,-0.011323837,-0.388336172,0.231000934,0.06672394,-0.42449716,-0.368970427,0.364402228,0.08361653,-0.548046669,0.180973273,0.198379582,0.579247187,0
medroxyprogesterone,-1.522249321,-0.857552606,0.010935038,-0.41104312,-0.10982347,0.084578378,0.151211027,-0.316002033,-0.378868867,-0.387997707,-0.11813623,-0.438685109,-0.365179577,-0.420546309,-0.050292012,0.597564867,-0.140878578,-0.632459133,0.084868381,-0.653378701,0.175134946,-0.041674853,-0.353087884,0.276604727,-0.538382418,-0.222716717,-0.185289749,-0.225826596,0.386380907,-0.274377301,0
mefenamic acid,0.936171955,1.259562259,-1.696188364,0.413526281,-1.05065311,2.038190386,-1.672590204,2.623288064,0.540087158,-0.139756382,5.379581987,1.891924177,2.364097407,1.112920085,1.03035384,-1.460617754,-0.119255953,3.654325188,-2.686355912,-1.830194933,-0.535598488,0.777678927,3.46615931,-2.587640213,-1.588940719,2.05621165,-0.105908249,0.719541759,-1.826092426,2.184894108,1
meloxicam,-1.426443372,-0.835485316,0.031349106,-0.240886116,-0.327392529,0.144071438,0.047550308,-0.329224553,-0.362293232,-0.328265038,-0.542489425,-0.231618983,0.077227327,-0.262582857,-0.356104689,0.027907156,0.487811747,0.049861061,0.638013681,-0.352781197,-0.07634092,0.397579457,0.360443085,0.029628415,-0.07659922,0.119171826,-0.068189973,0.128249691,-0.071554393,-0.030043851,0
melphalan,-1.546045568,-0.94722693,0.114509876,-0.279288522,-0.204874966,0.152081087,0.215923256,-0.374160124,-0.172486648,-0.409783603,-0.377548953,-0.437046954,-0.409429,-0.224331879,-0.00709479,0.237990023,0.355535624,-0.584938356,0.382675045,-0.064422933,-0.026847634,-0.30295676,-0.481893095,0.299006022,0.105673722,0.037904089,0.129076995,0.345372602,0.407108907,-0.015936986,0
memantine,-1.509858815,-0.881557015,0.185123186,-0.440612743,-0.462643057,0.233914259,0.111422224,-0.216240339,-0.142271823,-0.148262027,-0.41935111,-0.295662169,-0.219745305,-0.374374135,-0.361615446,0.088734113,0.27253928,-0.500348689,0.419756393,0.038142965,-0.130654134,0.080948023,-0.225233643,-0.086393625,0.175415816,-0.046365929,-0.210776115,0.183895239,0.154153659,0.184856166,0
metformin,-1.556575356,-0.952118087,0.194548835,-0.236242009,-0.21900244,0.150081522,0.025502489,-0.148449169,-0.028435047,-0.030275682,-0.557217899,-0.322799129,-0.251012559,-0.383731657,0.012933044,-0.426662596,0.868625414,-0.396340944,0.540799674,0.550041215,-0.418576827,-0.115633737,0.408856424,0.787814771,0.222026263,0.42945814,0.255964252,0.136691488,-0.267107727,0.634363055,0
methimazole,-1.42182902,-0.628844069,-0.109603156,-0.33797918,0.168092438,0.254244925,-0.326778081,-0.458267336,-0.270791282,-0.144582773,-0.695644489,-0.884762121,-0.016023799,-0.339387841,0.11131963,-0.616676454,1.272592173,-0.381404102,0.992892457,1.684587415,-0.160337823,-0.926896835,-0.127672891,-0.359774646,0.302754713,0.780912975,-0.106495665,-0.182208068,0.194602129,-0.209929903,1
methotrexate,0.178727751,-0.358851093,-0.198227318,0.954314153,0.752369902,-0.978422964,-1.006542709,-0.606299624,-0.505159852,-0.478840854,0.691331908,1.261726889,-3.97287717,2.798706623,0.664249243,-2.355023311,-2.96013309,0.365101053,-4.318163933,1.666425188,3.812872423,-3.629754476,-5.424660538,-4.346018502,4.531895174,-2.61502033,0.208194103,0.099296226,-2.930076326,6.255509839,1
methylprednisolone,-1.527518321,-0.850901373,0.015991519,-0.42011107,-0.103247652,0.1031496,0.134078446,-0.435115753,-0.361454895,-0.450361637,-0.09795253,-0.431460281,-0.491851465,-0.336241444,-0.028852957,0.633612794,-0.154039609,-0.697076909,0.08552202,-0.690191246,0.299017362,-0.167488228,-0.534456325,0.149268009,-0.451497857,-0.126342238,-0.143291941,-0.040325525,0.524221827,-0.440974928,0
methysergide,-1.396573858,-0.753695898,0.088145751,-0.368703559,-0.255090707,0.291090026,0.122388103,-0.393283668,-0.05704679,-0.188496659,-0.021726633,-0.180522803,-0.606508113,-0.064871384,-0.212707547,0.462806135,-0.397349806,-0.715953807,-0.055652238,-0.454815523,0.292301566,-0.175092843,-0.137882079,0.040174335,0.110749295,0.286866442,0.050088538,0.07498698,0.508173684,-0.075576412,0
metolazone,-1.512531881,-0.869412751,0.154107823,-0.428520968,-0.439695698,0.236041407,0.133266532,-0.282158416,-0.215112163,-0.223284276,-0.385853201,-0.306295706,-0.327741924,-0.408151989,-0.418538972,0.189630699,0.122878377,-0.581716034,0.373384782,-0.127746975,-0.013664926,0.161249682,-0.381305918,-0.243262567,0.093090278,-0.190124855,-0.230322262,0.162681392,0.206863306,0.118636142,0
nabumetone,-1.43495348,-0.646837117,-0.060004112,-0.664146247,-0.341252919,0.016452837,-0.050826902,-0.161235291,-0.162720099,-0.012883576,0.091315225,-0.204509325,-0.187498078,-0.485744582,0.172387117,-0.269026203,0.46793309,0.015050174,0.49667178,0.910112901,-0.39386057,0.189600125,1.163363132,0.194950324,0.749049959,0.37494882,0.729583606,-0.384875738,-0.007184327,-0.157897204,0
naproxen,-1.411074949,-0.931865758,0.041255519,-0.489170114,-0.458414597,0.011712443,-0.129408937,0.09579596,-0.177825894,0.185124488,0.044406553,-0.222706471,0.269760561,-0.575156111,0.127727889,-0.479082872,0.177907897,0.134440029,-0.253764028,0.702949055,-0.369464754,0.180811259,0.093235886,0.08977485,-0.457753889,-0.255312069,0.05311724,-0.161239475,-0.526359454,0.23345925,0
nateglinide,-1.405767433,-0.898254338,0.029061992,-0.557685093,-0.420488565,0.118567251,0.00896207,-0.16875813,-0.275306024,-0.17471707,0.064802993,-0.174289117,0.134338682,-0.511048251,0.087013279,-0.276556597,-0.004936991,0.069516899,-0.17889805,0.412371517,-0.143285852,0.15102407,-0.18814508,-0.051270749,-0.446398346,-0.361178884,0.175829892,-0.065229043,-0.389896976,0.074611723,0
nifedipine,-1.48303105,-0.865519325,0.113326678,-0.476846667,-0.397333531,0.254031533,0.047698577,-0.314089589,-0.13799742,-0.138296603,-0.31999912,-0.378589447,-0.303166598,-0.424426188,-0.22273269,0.014401835,-0.063772154,-0.273393165,0.247104601,0.153490573,-0.024969242,0.208910339,-0.248591295,-0.348885742,0.296328531,-0.305013531,0.245067932,0.001972265,0.027333498,0.151605734,0
nilutamide,3.64123336,-0.01742914,0.124140082,2.317999926,0.637026072,0.585745296,0.274367002,0.548095004,2.142208083,1.637680636,-1.929878726,3.475097977,-0.627822638,3.788452524,6.10702746,4.756401269,5.41643628,3.073826097,2.451198496,-4.571603015,11.04193092,-4.121598738,4.751664683,6.085526686,-2.361284115,-1.367000727,-1.242023147,1.024369031,0.617058799,1.650401471,1
nimesulide,-1.33553424,-0.597577498,-0.099126461,-0.278891626,-0.457069958,0.538415191,-0.231378325,0.519002058,-0.050292669,-0.301660134,0.67117175,0.01639251,0.300176798,0.047707953,0.237290443,-0.341306662,0.177807198,0.330026273,0.013816876,0.423679928,0.546948961,0.131781606,0.527652443,-0.291745467,-0.9241365,-0.696774028,0.223954394,-0.083969017,-0.346205757,0.186226512,1
nitrofurantoin,2.291663719,2.073122863,-2.327519808,1.729664299,-0.573064079,1.041902838,-0.961512726,1.306058336,0.913179507,-1.023416479,-3.853878112,2.377154701,-7.13868562,11.67401758,18.36208502,-1.964111729,-3.345318682,-1.861164424,2.592263258,0.894461251,-4.887777238,3.173379558,-1.162369196,-0.987988138,-0.839302505,0.433090513,-0.025568035,0.175999016,-0.108432698,0.236321331,1
norethindrone,-1.41358313,-0.754692323,-0.016919961,-0.354488485,0.442820493,0.276187626,0.763466802,0.000708812,-0.240484889,-0.090288157,-0.048740732,-0.087829619,-0.470753584,-0.012791611,0.768704653,0.888687713,-0.339798,-0.11349736,0.050982751,-1.020869883,1.520273381,-0.549593564,0.651892532,1.356523305,-0.756679914,-0.527001081,0.392280549,-0.805133991,0.633955134,-0.909757238,0
omeprazole,-1.42659013,-0.82995903,0.051290173,-0.42809254,-0.276919282,0.249862709,0.13340663,-0.372876607,-0.088083845,-0.219705476,-0.087612122,-0.394168709,-0.455836964,-0.246099014,-0.10324697,0.31333017,-0.39135898,-0.398670148,0.002061267,-0.153766971,0.151068084,-0.021880769,-0.394625961,-0.221569765,0.274337607,-0.243463313,0.315379862,0.001591523,0.342718889,0.033945507,0
orlistat,-1.436270915,-0.804476005,0.044888698,-0.535587285,-0.424604985,0.26581134,0.009686261,-0.157687088,-0.353299384,-0.089820385,-0.312844563,-0.283359716,0.164810386,-0.364065576,-0.116466619,0.45472882,-0.680127942,0.097401467,-0.021236263,-0.099175362,0.050279783,0.49068561,0.445582493,-0.284174651,-0.359336186,-0.377647171,0.450787212,-0.783245228,0.004808838,-0.692280479,1
oxcarbazepine,-1.377081885,-0.763441046,0.142503953,-0.467208506,-0.414297793,0.332402529,0.001593985,-0.207190474,-0.124136187,-0.089987385,0.082860192,-0.381950005,-0.464348262,-0.391710945,-0.261372376,-0.190171219,-0.179032581,-0.388721519,-0.077570255,0.03755427,0.103049539,0.100194244,-0.229906081,-0.284473996,0.641105613,0.005452076,-0.053291061,0.060449389,-0.117415867,0.924796844,0
oxymetholone,-1.453403764,-0.831224757,0.082543683,-0.343273118,-0.230662178,0.22633691,0.146293518,-0.306889864,-0.179664057,-0.265657112,-0.215823191,-0.26335688,-0.282803476,-0.10193999,-0.020658577,0.482231406,-0.204557944,-0.461360393,0.076097196,-0.293409205,0.121296188,-0.163744083,0.064904227,0.299192867,-0.139831049,0.209613351,0.224462134,-0.113239463,0.412571467,-0.369411743,1
oxytetracycline,3.440718884,1.482989653,-2.37828057,30.6172488,-6.703258159,-15.372687,7.282129843,-11.6150438,-1.02393024,-4.692189883,5.009874312,-1.03229268,-0.746305104,0.389157168,-0.642938577,-0.054519354,0.856827297,0.515792915,1.157276866,0.188275089,-0.233856758,0.048325751,0.220152152,-0.845809491,-0.435899801,-0.555846785,0.279366443,-0.214970581,-0.277724119,-0.232496686,0
paclitaxel,-1.324233482,-0.648807813,0.010176153,-0.437289489,-0.369520397,0.358714424,0.251703424,-0.413000256,-0.467332025,-0.510825679,0.396931452,-0.306312072,-0.781174622,-0.244023872,-0.585150266,0.915946126,-1.17083619,-0.959512061,-0.458677922,-1.292830769,0.769421988,0.185287801,-0.952837964,-0.795534488,-0.042147466,-0.388886319,-0.592137076,-0.063900692,0.694882172,0.091214852,0
pantoprazole,-1.518817033,-0.780391296,0.105865503,-0.437353112,-0.324674055,0.250819958,-0.000114413,-0.278935445,-0.063371149,-0.286553632,-0.242133805,-0.385429111,-0.41785661,-0.201207938,0.099721365,-0.268146283,0.058118929,0.028937074,0.574287432,0.272182957,0.121395683,0.133589473,-0.179621619,-0.378585568,-0.034039061,-0.392598105,0.298971371,-0.121817768,-0.273126499,0.074596493,0
pazopanib,-0.787434366,-0.161692092,-0.274469081,-0.26776727,-0.523386317,0.586944535,-0.05455991,0.179756777,-0.036224663,0.032558131,1.698205338,0.304088328,-0.876411724,0.20127763,-0.547380432,0.409620583,-1.681265059,-0.806486289,-1.324132006,-1.314927203,0.896499381,0.290588021,0.119153858,-1.144137548,-0.538092357,0.646480302,-0.839588178,-0.754157339,-0.283076045,0.83168633,1
piroxicam,-1.50848543,-0.846785781,0.044473729,-0.184908253,-0.487942562,0.350943831,-0.168558421,0.330816206,-0.239861263,-0.405719351,0.012437831,-0.248176602,0.296795305,-0.05994981,-0.085662283,0.128129826,0.663639192,-0.109205709,0.302702675,0.129042822,0.290849793,-0.157210322,0.089671631,0.396131037,-0.608816332,-0.309752931,-0.016919588,0.284488367,0.128415205,0.116779454,0
praziquantel,-1.461651524,-0.906631058,0.036592199,-0.083060456,-0.1982307,0.05270865,0.069997791,-0.139017613,-0.288607406,-0.189513219,-0.634734424,-0.316115649,0.052756352,-0.509259261,-0.311488176,-0.450528494,1.00447573,0.013749514,0.787234771,-0.004330674,-0.45622076,0.503987368,0.642245393,0.599795559,0.008721651,0.075507353,-0.056108616,0.050200097,-0.53897905,0.919673292,0
prednisolone,-1.526757117,-0.850980579,0.018061845,-0.423051706,-0.105947734,0.104569423,0.134381033,-0.431343913,-0.358145096,-0.448272749,-0.100064283,-0.429475503,-0.481082888,-0.33314453,-0.026008052,0.631449677,-0.148910825,-0.68928274,0.088671302,-0.682877603,0.292375314,-0.171254556,-0.522816932,0.158420532,-0.448298476,-0.118945281,-0.141679846,-0.042377203,0.521839949,-0.441240197,0
prednisone,-0.686764704,-0.410841555,-0.485402419,0.944442459,-0.626328982,0.281764419,0.559939728,-0.830254375,-0.292228728,-0.699487533,-1.022747931,-0.03712945,0.973251065,-1.575434455,1.085580139,-0.292936302,-0.990076539,-0.037829874,-2.169548781,-0.216350006,0.594323726,-0.331415256,-0.412022518,4.403851572,-0.548282236,0.088636119,-2.791323833,-0.145093045,2.604760762,-3.108571869,0
pregabalin,-1.548831737,-0.929298616,0.19600458,-0.280815988,-0.269046556,0.168515417,-0.026789139,-0.234814103,-0.026224961,-0.037580684,-0.512574727,-0.30070843,-0.301102676,-0.258471932,0.015454307,-0.270901596,0.704265722,-0.416817153,0.46366696,0.456985115,-0.245554834,-0.221091096,0.243971204,0.517719463,0.237100619,0.521134733,0.246120973,0.260146888,-0.036632903,0.214227867,0
primidone,-1.644621007,-1.061775087,0.194627562,-0.328661512,-0.355066181,0.138871673,0.153576006,-0.195897624,-0.229148864,-0.265033113,-0.798400401,-0.545598806,-0.176979232,-0.663572304,-0.157510961,-0.322798292,1.309815088,-0.617857316,1.060773486,0.642807802,-0.679103415,0.017356446,-0.182754063,0.771960265,0.22150358,-0.109450727,0.074962383,0.499187474,-0.275633583,1.072387108,0
probenecid,-1.440261565,-0.871387978,0.042096081,-0.167434281,-0.29517668,0.082385161,0.009418843,-0.188716353,-0.293794976,-0.169728458,-0.584121928,-0.272628939,0.11040256,-0.35273376,-0.316992812,-0.213824218,0.748052292,0.062433172,0.67739818,-0.122923748,-0.281028003,0.416497135,0.547623661,0.283705327,-0.02526231,0.170625523,-0.091350439,0.09892208,-0.270027036,0.345319677,0
progesterone,-1.21405524,-0.162669381,-0.458268851,-0.228454948,0.325408961,0.542286648,0.878509447,0.197439184,-0.370867494,-0.344934043,-0.538977673,-0.56794751,-0.781410512,0.211073046,2.098829091,1.422438306,-0.925543185,-0.88868393,0.056629934,-1.770796635,1.5563576,-0.506530925,0.339431175,3.185453848,-1.425789625,-1.501564199,-0.848193687,-1.650544722,2.155915126,-3.963100909,0
propofol,-1.2405456,-0.293772566,0.036949419,0.009926252,0.17283057,0.290829479,-0.523800762,0.208394722,1.23766676,-0.537707706,-0.004544307,-0.121520097,0.549328443,0.463343901,-0.590093867,-0.371344828,1.734296586,0.929669249,0.526039637,-0.407207031,0.033807326,-0.24279664,1.27792661,1.992820967,-1.11027841,-0.328423704,-0.233908875,-0.117212152,-1.26436349,1.384786026,0
pyridoxine,-1.144233526,-0.82573824,1.374258058,-0.642435188,-0.033986527,-0.045451277,0.331141959,-0.693087104,1.602239618,-0.606801055,-0.397215405,-0.742652334,-0.254672334,-0.449889076,-0.548083366,-1.043605103,0.050801528,-2.250510185,1.814362015,0.546093841,0.340044779,0.038741401,-1.034222452,0.271934979,-0.689495867,1.034960453,-0.47700689,14.23903038,-4.518067036,-4.390466777,0
pyrimethamine,7.485065108,28.87471358,47.68508299,1.29198573,-1.158498213,1.575198876,-0.618088111,0.084110989,-2.898805739,0.30191516,0.625939125,-0.792403199,-0.414749148,0.145619353,-0.053669148,-1.431697138,-0.157241281,-1.322978916,-0.098140699,-0.786815037,-0.298232746,-0.62816686,0.844568089,0.055858421,0.016156226,-0.404851281,-0.006351209,-0.266464552,-0.087310091,-0.046668637,0
quinidine,-1.418136958,-0.793480335,0.09914535,-0.448303166,-0.340109166,0.283709697,-0.036162935,-0.218172428,-0.055123387,0.065918161,-0.207350409,-0.251060695,-0.288843397,-0.368170076,-0.167861693,-0.050945299,-0.253408009,-0.215458845,0.048135507,0.170222671,-0.036654446,0.265942795,0.347862123,-0.060651179,0.219074627,-0.017983378,0.392976803,-0.313242732,-0.148424178,0.268414787,0
quinine,-1.520851407,-0.897914081,0.154684127,-0.371044953,-0.406737724,0.190423556,0.140763866,-0.136676619,-0.194333146,-0.120571015,-0.428945396,-0.33937121,-0.249367728,-0.535078127,-0.411593107,0.006052607,0.306626222,-0.548008782,0.416456107,0.024857209,-0.220001569,0.264685532,-0.167382764,0.020316873,0.070742017,-0.247242434,-0.256727531,0.026692339,-0.026221244,0.516562318,0
raloxifene,-1.294790941,-0.73486288,-0.052902817,-0.538662655,-0.414565212,0.392794467,0.002996344,-0.266875726,-0.316733106,-0.20148659,-0.104068499,-0.428331284,-0.067789977,-0.371576005,-0.096023513,0.386459356,-0.712857351,-0.123665002,-0.300717131,-0.287993512,0.102248125,0.451402034,0.42413111,-0.25686674,-0.229273804,0.298705894,0.250925441,-0.716608637,-0.019255034,-0.462101687,0
ranitidine,-1.510586582,-0.937525811,0.063183424,-0.334877713,-0.174792481,0.167622837,0.141087908,-0.367991134,-0.128809727,-0.315244511,-0.306498519,-0.508010277,-0.331708215,-0.273160159,0.159006788,0.111645138,0.091208936,-0.253188001,0.228903464,0.167774036,-0.047099885,-0.173805446,-0.304841961,0.174343934,0.2299667,-0.160576031,0.572460928,0.078284946,0.205658683,0.002872513,0
rifabutin,-1.457360202,-0.82497065,-0.041427939,-0.433833088,-0.401974753,0.297592871,0.314311871,-0.183158359,-0.632228909,-0.473176282,-0.152829115,-0.154547012,0.033754955,-0.640699639,-0.386685187,0.535035106,-0.362185928,-0.513921953,0.015833136,-0.422466724,0.171206676,0.677591811,-0.288686905,-0.798395096,-0.797276063,-0.909837163,-0.200924374,-0.272475857,0.241741857,-0.631287199,0
riluzole,-1.517203761,-0.886043546,0.1790866,-0.41852158,-0.436920973,0.22758556,0.114377453,-0.24571409,-0.146295074,-0.16874078,-0.416691501,-0.308035658,-0.292335393,-0.390034512,-0.363634592,0.062245963,0.298635858,-0.547614793,0.427513816,0.029871363,-0.11144668,0.07664908,-0.286833262,-0.092099713,0.192261714,-0.060014032,-0.201004771,0.226902696,0.149086745,0.241707454,1
ritonavir,-0.809156906,-0.270295744,-0.350732471,-0.767314448,-0.409332678,-0.020975018,-0.240733374,-0.145136856,-0.154309853,0.034003455,1.519653547,0.308404614,-0.891451966,-0.343685835,-0.297400099,0.544008119,-1.191125625,-0.137258988,-1.464768324,-1.489801368,0.374113936,0.254430442,-0.869213518,-1.333110045,-1.500889039,-0.893674312,-0.302387225,-1.279168025,-0.980779798,0.085417146,1
rosiglitazone,-1.443777315,-0.873662176,0.01101288,-0.460766931,-0.353884585,0.301089797,0.157020457,-0.143075978,-0.301808868,-0.228906007,-0.185284278,-0.222770823,0.13892845,-0.544062117,0.012173264,-0.062071505,0.054967583,-0.104803808,0.081872996,0.394158243,-0.125975121,0.363231854,0.101880798,-0.431617406,-0.200218721,-0.512633821,0.398512313,-0.123287409,-0.070421807,-0.259050291,0
simvastatin,1.605420397,1.612351289,-1.060212092,1.07255126,-1.172734702,-0.216979521,-0.443433286,1.008789552,-0.241898785,-0.193449368,-3.560008401,-0.810947293,3.083192846,-1.44995033,1.635267978,2.077221005,-2.115131715,0.44788552,0.306478384,-2.521127773,-2.531567902,-0.283911703,-1.50037212,1.2646058,4.772055804,-3.06627093,0.536634399,-1.823747037,-0.86485367,-5.32501753,0
spironolactone,-1.341271724,-0.690391469,-0.171705637,-0.520943137,-0.065383216,0.354618991,0.137200558,-0.37969448,-0.37426475,-0.319127188,0.378951712,-0.14705052,-0.264992549,-0.470728425,0.555259206,0.784197457,-1.310269694,-0.552269496,-1.017897296,-0.908101838,0.920053417,0.024282349,0.306933757,1.076855587,-1.26202066,-0.546447572,-0.343855713,-1.130682914,1.629365419,-2.866882564,0
stavudine,-1.612608778,-1.040510053,0.155137164,-0.419325289,-0.324108328,0.193813552,0.038710145,-0.375048624,-0.136532226,-0.250513454,-0.682621583,-0.6107617,-0.261519251,-0.548821226,0.125978032,-0.433898361,0.879644581,-0.200456423,0.827770994,0.965948689,-0.442357731,-0.092731938,-0.267049138,0.240939993,0.745700655,-0.189401263,1.255098401,0.477119592,-0.286437719,0.460853916,1
sulfasalazine,0.195370988,0.168109792,-0.001568898,4.59943769,19.63653317,1.514498642,26.10578888,14.02399653,-5.129154329,2.28968858,0.558330336,1.860798913,-0.344456382,0.333343453,-0.692346317,-0.441345589,-0.199348328,-0.3791629,0.054249396,0.774126687,0.250020563,0.689549501,0.080999067,-0.601932956,0.056848133,-0.202596326,0.316494862,-0.004671673,-0.483453495,-0.075862638,1
sulindac,1.065914099,3.35055108,-2.757907846,-3.899268099,-0.137587306,-3.232810558,0.321649978,-0.225961363,1.283285344,-0.139093951,3.989044809,0.155196676,-2.307912919,-1.510785667,1.246254227,-2.384657175,1.753969058,3.191910388,-0.627368971,0.815141044,-0.19349837,3.600793552,10.9209455,-6.010863204,2.964510494,-0.020623845,0.201752617,0.446754207,1.197673136,-2.898241243,1
tamoxifen,-0.201198919,1.178478323,-0.091042891,-2.389048741,-0.190564255,-2.851893664,1.114756847,-1.408828345,-2.537138344,-0.381801507,-3.093477694,-1.71387586,4.585184999,5.304194956,-1.393169441,9.247273072,-9.100716048,4.256395137,0.128892555,4.22207676,-4.148339919,-8.469625574,5.063278923,0.625202651,-0.215933507,-0.770650568,2.361712763,0.420171895,-3.172721933,-0.424662699,1
telmisartan,-1.434676903,-0.825952036,0.004568427,-0.502857036,-0.495051641,0.30847084,0.283696694,-0.023459557,-0.55083952,-0.332072681,-0.19482471,-0.112814791,0.348503735,-0.574837894,-0.327398576,0.502143436,-0.283595935,-0.300347662,0.037907855,-0.230868141,-0.009466968,0.623935518,0.050539383,-0.617309332,-0.771931918,-0.741045447,-0.214966575,-0.387462043,0.189376306,-0.703331497,0
temazepam,-1.516238453,-0.876528035,0.155100608,-0.375305301,-0.344757048,0.217538751,0.031181728,-0.24806236,-0.187059416,-0.143939878,-0.454716016,-0.256306991,-0.163814175,-0.259889558,-0.108786985,0.113046232,0.21560379,-0.351354198,0.334045069,0.095095797,-0.074145188,-0.002004346,0.2037438,0.20271233,-0.048912664,0.236180734,0.165228898,-0.027870541,0.100945161,-0.220308487,0
terbinafine,-1.290586278,-0.879877274,0.027348653,-0.732687707,-0.416000938,-0.006033385,0.164023157,-0.22559182,-0.222715417,-0.217055978,-0.415423247,-0.542737412,0.000818333,-0.658838723,0.021441871,0.459873192,0.537113181,0.102929436,-0.110681822,-0.192068932,-0.734946645,0.003664379,-0.581667278,-0.328141809,-0.137732516,-0.795552576,0.37245504,-0.521949826,-0.174486226,-0.44691441,1
testosterone,-1.451616122,-0.83148425,0.090200188,-0.352211435,-0.240767476,0.229690082,0.139751499,-0.300855846,-0.163750741,-0.254020268,-0.220238885,-0.257464556,-0.258875537,-0.082419393,-0.007684556,0.475311807,-0.186260088,-0.441841099,0.082425905,-0.26592877,0.109403125,-0.19096525,0.088147029,0.314080523,-0.119824469,0.249373668,0.230009731,-0.099801087,0.420065119,-0.391214497,1
tetracycline,0.805794613,1.053817591,-1.227085027,5.540741989,31.25585224,-1.291726052,-16.56104295,-9.764536262,-6.210246981,1.180830992,1.609044826,0.27728412,0.7893845,-0.413583799,0.489315292,0.984104648,0.303638108,-0.693490128,-0.339546949,-0.340951944,-0.912317441,0.764016963,0.302154234,0.018760224,-0.379774685,-0.531324346,0.164978036,0.273757031,0.309325664,-0.051179097,0
theophylline,-0.266997293,1.611262368,0.522837385,-0.063405399,2.345060728,0.758476573,1.874977734,0.801497255,8.014151361,-1.261089058,-0.153312049,-1.585899587,0.957453348,1.727530676,2.114536952,4.224087937,10.85373146,4.940034954,-6.712859433,-6.993042522,-7.973357694,-4.78067995,-3.25677083,-3.125101685,1.331191924,-0.16643566,-0.048842679,1.075363056,0.657162693,-1.171465811,0
ticlopidine,-1.304887024,-0.700238555,0.060924301,-0.430651424,-0.247559557,0.348063883,0.01490675,-0.274274228,-0.133990189,-0.173856042,0.285667163,-0.314473318,-0.396014036,-0.033336912,0.10191666,0.277408742,-0.712504556,-0.254186907,-0.43745889,-0.2711682,0.356167098,-0.20580819,0.141022195,0.064085211,0.334620535,0.360992725,0.378866107,-0.248817507,0.219636693,0.143754675,1
tinidazole,-1.55696401,-0.950762369,0.17199881,-0.21055553,-0.226757029,0.113638961,-0.008785318,-0.090788283,-0.060872509,0.04935429,-0.534161657,-0.345224465,-0.259060366,-0.433943733,-0.026259142,-0.389618249,0.775789371,-0.421792896,0.460596519,0.504602927,-0.404080431,-0.019950834,0.403625796,0.691954787,0.123470717,0.334855489,0.182289044,0.049198596,-0.266510491,0.596373924,0
tipranavir,-1.360986054,-0.618441131,0.010805191,-0.574946563,-0.318657936,0.277242621,-0.030724556,-0.213604212,-0.594089923,-0.252655248,0.314387552,-0.230204504,-0.331988525,-0.411366434,-0.357139783,0.760229938,-1.035068053,-0.574520653,-0.481591358,-1.138764464,0.611504709,0.374491779,0.052962598,-0.314717543,-0.665981262,-0.073622705,-0.538863106,-0.73622739,0.209423235,-0.309831561,1
tolazamide,-0.476103772,0.194949154,-0.224261766,0.522539298,-0.406735309,0.976210183,-0.552646958,-0.291689093,-0.395486839,-0.140767997,0.040225739,0.877324799,1.147377065,1.124568744,-0.282228448,-1.759123296,2.368335047,-1.645072515,2.540616029,3.889657117,-1.008472009,-0.003472515,0.573110671,-3.263178608,-1.940190389,-0.804952279,-3.272545058,-2.257254607,2.724960163,-4.507897404,0
tolcapone,1.067018119,2.739824073,-2.479838643,-0.969708826,-0.799766894,1.526647831,-1.898173202,2.24446335,-0.25112342,0.085245683,11.45446084,3.475726394,2.326766847,3.323304271,-0.008152497,-0.207409271,1.056808606,2.452179056,-1.920228422,-1.954726322,-0.788307295,0.203026452,3.035942766,0.405785434,-1.162068672,1.557112985,-0.488437778,0.443192548,-0.840946913,1.203724753,1
topiramate,-1.460692121,-0.877778338,0.050902339,-0.14420289,-0.231669961,0.106570387,0.018710796,-0.384417059,-0.258583479,-0.307359386,-0.57796734,-0.278962854,-0.143572585,-0.279000301,-0.272505656,-0.273995952,0.866061709,-0.074840705,0.747568033,-0.125354191,-0.152418405,0.228731185,0.272579219,0.233890304,0.157666629,0.29865755,0.012906129,0.41173101,-0.165393135,0.353853834,0
trimethadione,-1.550298753,-0.947228367,0.203040298,-0.293079308,-0.345121834,0.151052904,0.0775305,-0.134174999,-0.021157677,-0.016780511,-0.486070669,-0.373435247,-0.370304612,-0.500826827,-0.276999219,-0.362067445,0.790101028,-0.597339161,0.548149681,0.393804953,-0.379901368,0.009368941,-0.127889811,0.320482738,0.378125865,0.080265843,-0.167915292,0.340702346,-0.130989114,0.886654917,0
troglitazone,23.14599186,17.99183145,-15.58976124,12.67961144,-1.440568724,22.28617499,-3.312488126,4.356326357,2.666475427,-2.361060066,-0.150298104,-12.7324,2.495985208,2.808717727,-2.504777008,0.016802534,0.053552582,-1.585532851,0.928174618,1.441964596,1.305615805,0.034472537,0.737564897,-1.043425121,-0.328363048,-1.727580659,0.85019336,0.344198886,0.584798984,0.555704126,1
valproic acid,-0.586532447,-1.052573049,-0.283180772,5.058354031,-2.812708231,-3.923353014,-1.80746277,1.317655333,3.344500996,30.74741533,1.233596051,-5.40310461,-0.640929051,1.107381072,-0.289009735,0.040212006,-0.997720211,-0.099896819,-0.710748709,-0.179741933,-1.006853253,0.466642597,-0.651450737,0.21379599,-0.367777537,-0.243009669,-0.18274301,0.404524681,0.621383609,-0.245854005,1
warfarin,-0.466299695,-1.282001243,0.054919351,-1.049714664,-0.446216922,-0.089833349,0.253225722,-0.266776023,-0.454474427,-0.222092198,0.502736713,-0.009709518,0.457867201,0.239291832,0.587409767,-0.547068314,0.472874421,-0.357899024,0.411579634,0.800589468,-0.909243099,1.383014539,0.971290283,-0.910759447,-0.106104192,-0.908727432,0.354887346,-0.514882875,0.08905188,-1.071433216,0
zafirlukast,-1.352450728,-0.746565849,-0.040569023,-0.559934495,-0.459114975,0.384386163,0.183209129,-0.149272812,-0.370105246,-0.184836578,0.068214219,-0.113035604,0.011782079,-0.584498863,-0.337954384,0.303493413,-0.670775251,-0.27619796,-0.223117944,-0.137999539,0.159413052,0.694373761,-0.050735657,-0.989694475,-0.339330431,-0.830043146,0.081383648,-0.371886621,0.087003417,-0.326574851,1
zileuton,-1.249409378,-0.373590995,-0.431347629,-0.179101589,-0.565945698,0.694796716,-0.394544424,0.799752487,-0.128494947,-0.152323376,1.383835744,0.6915518,1.177132515,-0.352743801,0.416943454,-0.911171977,1.158952932,0.356089874,-0.271814442,1.620600149,-0.179911073,0.152366027,1.571535066,0.145230892,-0.296901679,-0.16493554,0.814009108,0.379189872,-0.029366159,0.592154472,1
zonisamide,-1.532644731,-0.907665425,0.190752408,-0.371359069,-0.398838628,0.203159065,0.088432854,-0.249662039,-0.087190744,-0.12805875,-0.434519096,-0.33173809,-0.37876101,-0.397251544,-0.31993675,-0.092242717,0.488213358,-0.596240592,0.472120941,0.161721684,-0.16492562,-0.005099559,-0.301546812,0.013008681,0.303931075,0.040129545,-0.172990508,0.353420361,0.099045553,0.423013816,0
